scheme_id,scheme_code,scheme_name,scheme_type,short_description,detailed_description,purpose,source_organization,ministry,implementing_agency,target_beneficiary,applicant_types,marginalized_group,target_groups,entrepreneur_type,sc_required,social_category,gender_condition,gender_requirement,age_min,age_max,income_limit,income_operator,income_definition,state_restriction,state_coverage,district_restriction,district_coverage,sector,activity_type,business_types,business_stage,new_unit_required,new_business_allowed,existing_unit_allowed,existing_business_allowed,business_registration_required,enterprise_size_requirement,education_applicable,vocational_training_applicable,support_type,benefit_description,loan_available,min_project_cost,max_project_cost,minimum_loan_amount,maximum_loan_amount,min_loan_amount,max_loan_amount,financing_percentage,beneficiary_contribution_percentage,subsidy_available,subsidy_percentage,subsidy_details,grant_available,grant_amount,interest_rate_min,interest_rate_max,interest_rate_type,repayment_period_min_months,repayment_period_max_months,repayment_frequency,moratorium_min_months,moratorium_max_months,moratorium_interest_mode,collateral_required,security_required,training_available,equipment_support,market_support,working_capital_support,application_mode,application_url,official_portal,application_steps,required_documents,helpline,official_source_url,source_title,source_document,source_page,source_section,source_published_date,effective_from,effective_to,scheme_version,previous_version,change_summary,last_verified_date,verification_status,scheme_status,notes,data_confidence,searchable_tags,normalization_note,raw_source_row,legacy_priority_raw
SIH26092-001,SIH26092-001,Prime Minister Employment Generation Programme (PMEGP),Credit-Linked Subsidy Scheme,Credit-linked margin money subsidy up to 35% for setting up new micro-enterprises in manufacturing (project cost up to ₹50 Lakh) and service sectors (up to ₹20 Lakh).,Credit-linked margin money subsidy up to 35% for setting up new micro-enterprises in manufacturing (project cost up to ₹50 Lakh) and service sectors (up to ₹20 Lakh).,Generating self-employment opportunities through establishment of new micro-enterprises in manufacturing and service sectors.,"Ministry of Micro, Small and Medium Enterprises","Ministry of Micro, Small and Medium Enterprises",Khadi and Village Industries Commission (KVIC) / State KVIB / DIC,"Individuals, Self Help Groups, Cooperatives, Charitable Trusts","INDIVIDUAL, SHG, COOPERATIVE, TRUST","Individuals, Self Help Groups, Cooperatives, Charitable Trusts",ALL_ELIGIBLE,,,"Individuals, Self Help Groups, Cooperatives, Charitable Trusts",,,,,,,,All States and Union Territories of India,All States and Union Territories of India,All Districts,All Districts,MICRO_ENTERPRISE,Cross-Sectoral / Multiple Eligible Activities,Cross-Sectoral / Multiple Eligible Activities,NEW,TRUE,TRUE,FALSE,CONDITIONAL,As per statutory guidelines,As per statutory guidelines,As specified in scheme eligibility criteria,As specified in scheme eligibility criteria,LOAN; SUBSIDY; TRAINING,Composite loan up to ₹50 Lakh (Mfg) / ₹20 Lakh (Service) with 15% to 35% margin money capital subsidy.,YES,,5000000.0,100000.0,5000000.0,100000.0,5000000.0,,CONDITIONAL,YES,35.0,15% to 35% margin money subsidy on project cost (up to ₹50 Lakh for manufacturing and ₹20 Lakh for service units),NO,,,,MARKET_BANK_RATE,36,84,,6,12,,FALSE,As per official lending norms,Available where specified under scheme guidelines,Available where specified under scheme guidelines,Available where specified under scheme guidelines,Available where specified under scheme guidelines,ONLINE,https://www.kviconline.gov.in/pmegpeportal/pmegpfilters/jsp/pmegponline.jsp,https://www.kviconline.gov.in/pmegpeportal/pmegpfilters/jsp/pmegponline.jsp,Submit online via official portal or contact authorized facilitation agency.,"Statutory identity, address, and category documents as per guidelines.",National Government Service Helpline 1800-11-0001 / Official Scheme Portal,https://msme.gov.in/programmes-schemes/prime-ministers-employment-generation-programme-pmegp,"PMEGP Scheme Guidelines, Ministry of MSME",https://pmegp.msme.gov.in/Home/Notifications,1.0,Notification search result: assistance only for new projects sanctioned under PMEGP,2024-01-01,2024-01-01,,1.0,,A-to-Z Data Quality Audit & Provenance Verification against official GOI guidelines,2026-09-01,VERIFIED,ACTIVE,,,"Prime Minister Employment Generation Programme (PMEGP), Ministry of Micro, Small and Medium Enterprises, LOAN_CREDIT",,SIH26092-001,
SIH26092-002,SIH26092-002,Pradhan Mantri MUDRA Yojana (PMMY),Credit Guarantee & Institutional Refinance Scheme,"Collateral-free micro loans up to ₹20 Lakh under Shishu, Kishor, Tarun, and Tarun Plus categories for small business activities.","Collateral-free micro loans up to ₹20 Lakh under Shishu, Kishor, Tarun, and Tarun Plus categories for small business activities.","Funding non-farm micro-enterprises across Shishu (up to ₹50k), Kishor (₹50k-5L), Tarun (₹5L-10L), and Tarun Plus (₹10L-20L) categories.",Ministry of Finance,Ministry of Finance,"Commercial Banks, Regional Rural Banks, Small Finance Banks, MFIs, NBFCs","Non-corporate, non-farm small/micro-enterprises and self-employed individuals","INDIVIDUAL, ENTREPRENEUR, MICRO_ENTERPRISE","Non-corporate, non-farm small/micro-enterprises and self-employed individuals",ALL_ELIGIBLE,,,"Non-corporate, non-farm small/micro-enterprises and self-employed individuals",,,,,,,,All States and Union Territories of India,All States and Union Territories of India,All Districts,All Districts,MICRO_ENTERPRISE,Cross-Sectoral / Multiple Eligible Activities,Cross-Sectoral / Multiple Eligible Activities,ANY_STAGE,New or Existing Enterprise as per Guidelines,TRUE,New or Existing Enterprise as per Guidelines,TRUE,As per statutory guidelines,As per statutory guidelines,As specified in scheme eligibility criteria,As specified in scheme eligibility criteria,LOAN,"Collateral-free micro-enterprise loan up to ₹20 Lakh across Shishu, Kishore, Tarun and Tarun Plus categories.",YES,,,10000.0,2000000.0,10000.0,2000000.0,,,NO,,,NO,,,,MARKET_BANK_RATE,36,60,,,,,FALSE,As per official lending norms,Available where specified under scheme guidelines,Available where specified under scheme guidelines,Available where specified under scheme guidelines,Available where specified under scheme guidelines,THROUGH_BANK,https://www.mudra.org.in/,https://www.mudra.org.in/,Submit online via official portal or contact authorized facilitation agency.,"Statutory identity, address, and category documents as per guidelines.",National Government Service Helpline 1800-11-0001 / Official Scheme Portal,https://financialservices.gov.in/pradhan-mantri-mudra-yojana-pmmy,"Pradhan Mantri MUDRA Yojana Guidelines, Department of Financial Services",https://financialservices.gov.in/pradhan-mantri-mudra-yojana-pmmy,1.0,1.0,2024-01-01,2024-01-01,,1.0,,A-to-Z Data Quality Audit & Provenance Verification against official GOI guidelines,2026-09-01,VERIFIED,ACTIVE,,,"Pradhan Mantri MUDRA Yojana (PMMY), Ministry of Finance, LOAN_CREDIT",,SIH26092-002,
SIH26092-003,SIH26092-003,Stand-Up India,Scheduled Commercial Bank Credit Scheme,"Bank loans between ₹10 Lakh and ₹1 Crore for SC, ST, and Women entrepreneurs setting up greenfield manufacturing, service, or trading enterprises.","Bank loans between ₹10 Lakh and ₹1 Crore for SC, ST, and Women entrepreneurs setting up greenfield manufacturing, service, or trading enterprises.",Facilitating bank loans between ₹10 Lakh and ₹1 Crore to SC/ST and Women borrowers for greenfield projects.,Ministry of Finance,Ministry of Finance,Scheduled Commercial Banks / SIDBI,"SC, ST, and Women Entrepreneurs setting up greenfield enterprises","INDIVIDUAL, ENTREPRENEUR","SC, ST, and Women Entrepreneurs setting up greenfield enterprises","SC, ST, WOMEN",,,"SC, ST, and Women Entrepreneurs setting up greenfield enterprises",,,,,,,,All States and Union Territories of India,All States and Union Territories of India,All Districts,All Districts,MANUFACTURING,Cross-Sectoral / Multiple Eligible Activities,Cross-Sectoral / Multiple Eligible Activities,NEW,TRUE,New or Existing Enterprise as per Guidelines,New or Existing Enterprise as per Guidelines,New or Existing Enterprise as per Guidelines,As per statutory guidelines,As per statutory guidelines,As specified in scheme eligibility criteria,As specified in scheme eligibility criteria,LOAN,"Bank loan between ₹10 Lakh and ₹1 Crore for greenfield enterprises led by SC, ST or Women entrepreneurs.",YES,,,1000000.0,10000000.0,1000000.0,10000000.0,,,NO,,,NO,,,,MCLR_LINKED,84,84,,18,18,,FALSE,As per official lending norms,Available where specified under scheme guidelines,Available where specified under scheme guidelines,Available where specified under scheme guidelines,Available where specified under scheme guidelines,ONLINE,https://www.standupmitra.in/,https://www.standupmitra.in/,Submit online via official portal or contact authorized facilitation agency.,"Statutory identity, address, and category documents as per guidelines.",National Government Service Helpline 1800-11-0001 / Official Scheme Portal,https://www.standupmitra.in/,"Stand-Up India Scheme Operational Guidelines, DFS",https://financialservices.gov.in/stand-india-scheme-supi,1.0,1.0,2024-01-01,2024-01-01,,1.0,,A-to-Z Data Quality Audit & Provenance Verification against official GOI guidelines,2026-09-01,VERIFIED,ACTIVE,,,"Stand-Up India, Ministry of Finance, LOAN_CREDIT",,SIH26092-003,
SIH26092-004,SIH26092-004,PM SVANidhi,Micro-Credit & Interest Subsidy Scheme,"Collateral-free working capital loans up to ₹50,000 in enhanced tranches with 7% interest subsidy for urban street vendors.","Collateral-free working capital loans up to ₹50,000 in enhanced tranches with 7% interest subsidy for urban street vendors.",Providing affordable collateral-free working capital loans with 7% interest subsidy and cashback incentives for street vendors.,Ministry of Housing and Urban Affairs,Ministry of Housing and Urban Affairs,"Scheduled Commercial Banks, Small Finance Banks, MFIs, NBFCs",Urban Street Vendors and Micro Hawkers,"INDIVIDUAL, STREET_VENDOR",Urban Street Vendors and Micro Hawkers,"STREET_VENDOR, URBAN_POOR",,,Urban Street Vendors and Micro Hawkers,,,,,,,,All States and Union Territories of India,All States and Union Territories of India,All Districts,All Districts,STREET_VENDING,Cross-Sectoral / Multiple Eligible Activities,Cross-Sectoral / Multiple Eligible Activities,EXISTING,New or Existing Enterprise as per Guidelines,New or Existing Enterprise as per Guidelines,New or Existing Enterprise as per Guidelines,New or Existing Enterprise as per Guidelines,As per statutory guidelines,As per statutory guidelines,As specified in scheme eligibility criteria,As specified in scheme eligibility criteria,LOAN; SUBSIDY,"Micro-credit working capital loan in 3 tranches (₹10k, ₹20k, ₹50k) with 7% interest subsidy and digital cashbacks.",YES,,,10000.0,50000.0,10000.0,50000.0,,,YES,7.0,7% interest subsidy per annum credited directly to bank account on prompt quarterly repayment,NO,,7.0,7.0,SUBSIDIZED_RATE,12,36,,,,,FALSE,As per official lending norms,Available where specified under scheme guidelines,Available where specified under scheme guidelines,Available where specified under scheme guidelines,Available where specified under scheme guidelines,ONLINE,https://pmsvanidhi.mohua.gov.in/,https://pmsvanidhi.mohua.gov.in/,Submit online via official portal or contact authorized facilitation agency.,"Statutory identity, address, and category documents as per guidelines.",National Government Service Helpline 1800-11-0001 / Official Scheme Portal,https://pmsvanidhi.mohua.gov.in/,"PM SVANidhi Guidelines, Ministry of Housing and Urban Affairs",https://pmsvanidhi.mohua.gov.in/,1.0,1.0,2024-01-01,2024-01-01,,1.0,,A-to-Z Data Quality Audit & Provenance Verification against official GOI guidelines,2026-09-01,VERIFIED,ACTIVE,,,"PM SVANidhi, Ministry of Housing and Urban Affairs, LOAN_CREDIT",,SIH26092-004,
SIH26092-005,SIH26092-005,PM Vishwakarma,Central Sector Scheme,"Collateral-free credit up to ₹3 Lakh at 5% interest rate, ₹15,000 toolkit incentive, and skill training for 18 traditional artisan trades.","Collateral-free credit up to ₹3 Lakh at 5% interest rate, ₹15,000 toolkit incentive, and skill training for 18 traditional artisan trades.","End-to-end support for traditional artisans including skill verification, ₹15,000 toolkit e-voucher, and collateral-free credit at 5% interest.","Ministry of Micro, Small and Medium Enterprises","Ministry of Micro, Small and Medium Enterprises","MSME-DFOs, State DICs, Scheduled Commercial Banks",Artisans and craftspeople engaged in 18 traditional family-based trades,"INDIVIDUAL, ARTISAN",Artisans and craftspeople engaged in 18 traditional family-based trades,"ARTISAN, TRADITIONAL_CRAFTSPERSON",,,Artisans and craftspeople engaged in 18 traditional family-based trades,,,,,,,,All States and Union Territories of India,All States and Union Territories of India,All Districts,All Districts,TRADITIONAL_CRAFT,TRADITIONAL_TRADE,Cross-Sectoral / Multiple Eligible Activities,ANY_STAGE,New or Existing Enterprise as per Guidelines,New or Existing Enterprise as per Guidelines,New or Existing Enterprise as per Guidelines,New or Existing Enterprise as per Guidelines,As per statutory guidelines,As per statutory guidelines,As specified in scheme eligibility criteria,As specified in scheme eligibility criteria,LOAN; TRAINING; EQUIPMENT; SUBSIDY,"Collateral-free credit up to ₹3 Lakh (Tranche 1: ₹1L, Tranche 2: ₹2L) @ 5% interest rate + ₹15,000 toolkit incentive.",YES,,,100000.0,300000.0,100000.0,300000.0,,,YES,8.0,"Concessional 5% interest charged to artisan with 8% interest subvention paid by GoI; ₹15,000 modern toolkit incentive and ₹500/day training stipend",YES,15000.0,5.0,5.0,FIXED_CONCESSIONAL,18,30,,,,,FALSE,As per official lending norms,TRUE,TRUE,TRUE,Available where specified under scheme guidelines,ONLINE,https://pmvishwakarma.gov.in/,https://pmvishwakarma.gov.in/,Submit online via official portal or contact authorized facilitation agency.,"Statutory identity, address, and category documents as per guidelines.",National Government Service Helpline 1800-11-0001 / Official Scheme Portal,https://pmvishwakarma.gov.in/,"PM Vishwakarma Scheme Guidelines, Ministry of MSME",https://pmvishwakarma.gov.in/Home/FAQ,1.0,Eligibility and scheme overview,2024-01-01,2024-01-01,,1.0,,A-to-Z Data Quality Audit & Provenance Verification against official GOI guidelines,2026-09-01,VERIFIED,ACTIVE,,,"PM Vishwakarma, Ministry of Micro, Small and Medium Enterprises, LOAN_CREDIT",,SIH26092-005,
SIH26092-006,SIH26092-006,PM Formalisation of Micro food processing Enterprises (PMFME),Credit Linked Capital Subsidy Scheme,35% credit-linked capital subsidy up to ₹10 Lakh for establishing or upgrading individual and collective micro food processing enterprises.,35% credit-linked capital subsidy up to ₹10 Lakh for establishing or upgrading individual and collective micro food processing enterprises.,"Formalization, capacity building, and credit-linked capital subsidy for micro food processing enterprises.",Ministry of Food Processing Industries,Ministry of Food Processing Industries,"State Nodal Agencies, State Livelihood Missions, Banks","Individual Micro Food Processing Units, FPOs, SHGs, Cooperatives","INDIVIDUAL, SHG, FPO, COOPERATIVE","Individual Micro Food Processing Units, FPOs, SHGs, Cooperatives","FARMER, SHG, MICRO_ENTERPRISE",,,"Individual Micro Food Processing Units, FPOs, SHGs, Cooperatives",,,,,,,,All States and Union Territories of India,All States and Union Territories of India,All Districts,All Districts,FOOD_PROCESSING,Cross-Sectoral / Multiple Eligible Activities,Cross-Sectoral / Multiple Eligible Activities,ANY_STAGE,New or Existing Enterprise as per Guidelines,New or Existing Enterprise as per Guidelines,New or Existing Enterprise as per Guidelines,New or Existing Enterprise as per Guidelines,As per statutory guidelines,As per statutory guidelines,As specified in scheme eligibility criteria,As specified in scheme eligibility criteria,SUBSIDY; GRANT; TRAINING,Credit-linked capital subsidy of 35% (max ₹10 Lakh) with bank loan for micro food processing enterprises.,YES,,,,3000000.0,,3000000.0,,,YES,35.0,"35% credit-linked capital subsidy up to maximum of ₹10,00,000 per micro food processing unit",NO,,,,MARKET_BANK_RATE,36,60,,,,,As per official lending norms,As per official lending norms,Available where specified under scheme guidelines,Available where specified under scheme guidelines,Available where specified under scheme guidelines,Available where specified under scheme guidelines,ONLINE,https://pmfme.mofpi.gov.in/,https://pmfme.mofpi.gov.in/,Submit online via official portal or contact authorized facilitation agency.,"Statutory identity, address, and category documents as per guidelines.",National Government Service Helpline 1800-11-0001 / Official Scheme Portal,https://pmfme.mofpi.gov.in/,"PMFME Scheme Guidelines, Ministry of Food Processing Industries",https://pmfme.mofpi.gov.in/,1.0,1.0,2024-01-01,2024-01-01,,1.0,,A-to-Z Data Quality Audit & Provenance Verification against official GOI guidelines,2026-09-01,VERIFIED,ACTIVE,,,"PM Formalisation of Micro Food Processing Enterprises (PMFME), Ministry of Food Processing Industries, LOAN_CREDIT",,SIH26092-006,
SIH26092-007,SIH26092-007,Credit Guarantee Scheme for Micro and Small Enterprises (CGTMSE),Credit Guarantee Trust Facility,"50% capital subsidy up to ₹50 Lakh for establishing livestock breeding farms, poultry hatcheries, and feed processing units.","50% capital subsidy up to ₹50 Lakh for establishing livestock breeding farms, poultry hatcheries, and feed processing units.","Entrepreneurship development in livestock breeding, poultry, sheep, goat, and piggery infrastructure.","Ministry of Fisheries, Animal Husbandry and Dairying","Ministry of Micro, Small and Medium Enterprises",Department of Animal Husbandry and Dairying / NABARD,"Individual Farmers, SHGs, FPOs, Cooperatives, Startups","INDIVIDUAL, SHG, FPO, COOPERATIVE, STARTUP","Individual Farmers, SHGs, FPOs, Cooperatives, Startups","FARMER, LIVESTOCK_FARMER",,,"Individual Farmers, SHGs, FPOs, Cooperatives, Startups",,,,,,,,All States and Union Territories of India,All States and Union Territories of India,All Districts,All Districts,ANIMAL_HUSBANDRY,Cross-Sectoral / Multiple Eligible Activities,Cross-Sectoral / Multiple Eligible Activities,NEW,New or Existing Enterprise as per Guidelines,New or Existing Enterprise as per Guidelines,New or Existing Enterprise as per Guidelines,New or Existing Enterprise as per Guidelines,As per statutory guidelines,As per statutory guidelines,As specified in scheme eligibility criteria,As specified in scheme eligibility criteria,GUARANTEE,50% capital subsidy (up to ₹50 Lakh) with bank term loan for livestock & poultry entrepreneurship.,NO,,10000000.0,,,,,,,NO,50.0,,NO,,,,NOT_APPLICABLE,,,,,,,As per official lending norms,As per official lending norms,Available where specified under scheme guidelines,Available where specified under scheme guidelines,Available where specified under scheme guidelines,Available where specified under scheme guidelines,THROUGH_BANK,https://nlm.udyamimitra.in/,https://www.ncgtc.in/en/cgss,Submit online via official portal or contact authorized facilitation agency.,"Statutory identity, address, and category documents as per guidelines.",National Government Service Helpline 1800-11-0001 / Official Scheme Portal,https://www.myscheme.gov.in/schemes/cgssd,"Credit Guarantee Scheme for Subordinate Debt, Ministry of MSME",https://nlm.udyamimitra.in/,1.0,1.0,2024-01-01,2024-01-01,,1.0,,A-to-Z Data Quality Audit & Provenance Verification against official GOI guidelines,2026-09-01,VERIFIED,ACTIVE,,,"National Livestock Mission – Entrepreneurship Development Programme, Ministry of Fisheries, Animal Husbandry and Dairying, LOAN_CREDIT",,SIH26092-007,
SIH26092-008,SIH26092-008,PM-DAKSH (Pradhan Mantri Dakshta Aur Kushalta Sampann Hitgrahi),National Skill Development & Welfare Scheme,"Free multi-sector skill training, upskilling, and monthly stipend support for SC, OBC, EBC, DNT, and sanitation worker youth.","Free multi-sector skill training, upskilling, and monthly stipend support for SC, OBC, EBC, DNT, and sanitation worker youth.","Providing free skill development training, upskilling, and stipend support for youth from target social groups.",Ministry of Social Justice and Empowerment,Ministry of Social Justice and Empowerment,"NSFDC, NBCFDC, NSKFDC","SC, OBC, EBC, DNT, Safai Karamcharis and Waste Pickers","INDIVIDUAL, YOUTH","SC, OBC, EBC, DNT, Safai Karamcharis and Waste Pickers","SC, OBC, DNT, SANITATION_WORKER",,,"SC, OBC, EBC, DNT, Safai Karamcharis and Waste Pickers",,,,,,,,All States and Union Territories of India,All States and Union Territories of India,All Districts,All Districts,SKILL_DEVELOPMENT,Cross-Sectoral / Multiple Eligible Activities,Cross-Sectoral / Multiple Eligible Activities,SELF_EMPLOYMENT,New or Existing Enterprise as per Guidelines,New or Existing Enterprise as per Guidelines,New or Existing Enterprise as per Guidelines,New or Existing Enterprise as per Guidelines,As per statutory guidelines,As per statutory guidelines,As specified in scheme eligibility criteria,As specified in scheme eligibility criteria,TRAINING; STIPEND,"100% free skill training with wage compensation / stipend up to ₹1,500/month and placement support.",NO,,,,,,,,,NO,,"100% free institutional and upskilling training with monthly stipend (up to ₹1,500/month) and post-training wage/self-employment assistance",YES,,,,NOT_APPLICABLE,,,,,,,As per official lending norms,As per official lending norms,Available where specified under scheme guidelines,Available where specified under scheme guidelines,Available where specified under scheme guidelines,Available where specified under scheme guidelines,ONLINE,https://pmdaksh.dosje.gov.in/,https://pmdaksh.dosje.gov.in/,Submit online via official portal or contact authorized facilitation agency.,"Statutory identity, address, and category documents as per guidelines.",National Government Service Helpline 1800-11-0001 / Official Scheme Portal,https://pmdaksh.dosje.gov.in/,"PM-DAKSH Portal, Ministry of Social Justice and Empowerment",https://pmdaksh.dosje.gov.in/,1.0,1.0,2024-01-01,2024-01-01,,1.0,,A-to-Z Data Quality Audit & Provenance Verification against official GOI guidelines,2026-09-01,VERIFIED,ACTIVE,,,"PM-DAKSH, Ministry of Social Justice and Empowerment, TRAINING_SKILL",,SIH26092-008,
SIH26092-009,SIH26092-009,MSME Champions Scheme,Unified MSME Competitiveness Support Scheme,"Free coaching for competitive exams, health insurance cover, housing grants, and small business support for De-notified and Nomadic communities.","Free coaching for competitive exams, health insurance cover, housing grants, and small business support for De-notified and Nomadic communities.","Empowerment of DNT communities through competitive coaching, health insurance, housing assistance, and livelihood support.",Ministry of Social Justice and Empowerment,"Ministry of Micro, Small and Medium Enterprises",Development and Welfare Board for DNTs (DWBDNC),"De-notified, Nomadic and Semi-Nomadic Communities (DNT / NT / SNT)","INDIVIDUAL, COMMUNITY","De-notified, Nomadic and Semi-Nomadic Communities (DNT / NT / SNT)",DNT,,,"De-notified, Nomadic and Semi-Nomadic Communities (DNT / NT / SNT)",,,,,,,,All States and Union Territories of India,All States and Union Territories of India,All Districts,All Districts,SOCIAL_WELFARE,Cross-Sectoral / Multiple Eligible Activities,Cross-Sectoral / Multiple Eligible Activities,ANY_STAGE,New or Existing Enterprise as per Guidelines,New or Existing Enterprise as per Guidelines,New or Existing Enterprise as per Guidelines,New or Existing Enterprise as per Guidelines,As per statutory guidelines,As per statutory guidelines,As specified in scheme eligibility criteria,As specified in scheme eligibility criteria,GRANT; SUBSIDY; ADVISORY,"Free competitive coaching, health insurance subsidy (PMJAY linked), housing assistance, and SHG livelihood grants for DNTs.",NO,,,,,,,,,YES,90.0,"Financial assistance covering up to 90% cost for Lean, ZED certification, and Design/IPR innovation support",YES,,,,NOT_APPLICABLE,,,,,,,As per official lending norms,As per official lending norms,Available where specified under scheme guidelines,Available where specified under scheme guidelines,Available where specified under scheme guidelines,Available where specified under scheme guidelines,ONLINE,https://dwbdnc.dosje.gov.in/,https://sri.msme.gov.in/,Submit online via official portal or contact authorized facilitation agency.,"Statutory identity, address, and category documents as per guidelines.",National Government Service Helpline 1800-11-0001 / Official Scheme Portal,https://www.myscheme.gov.in/schemes/msme-sri,"Self Reliant India (SRI) Fund Guidelines, Ministry of MSME",https://dwbdnc.dosje.gov.in/content/seed-scheme,1.0,1.0,2024-01-01,2024-01-01,,1.0,,A-to-Z Data Quality Audit & Provenance Verification against official GOI guidelines,2026-09-01,VERIFIED,ACTIVE,,,"Scheme for Economic Empowerment of DNTs (SEED), Ministry of Social Justice and Empowerment, GRANT_SUBSIDY",,SIH26092-009,
SIH26092-010,SIH26092-010,MSME Sustainable (ZED) Certification Scheme,Quality & Zero Defect Zero Effect Certification Scheme,"Grant assistance up to ₹50,000 per beneficiary for income-generating micro-projects and skill training for Scheduled Caste households.","Grant assistance up to ₹50,000 per beneficiary for income-generating micro-projects and skill training for Scheduled Caste households.",Income-generating projects and infrastructure development in SC-majority villages.,Ministry of Social Justice and Empowerment,"Ministry of Micro, Small and Medium Enterprises",State Scheduled Castes Development Corporations (SCDCs),Scheduled Caste (SC) families living below double poverty line,"INDIVIDUAL, SC_BENEFICIARY",Scheduled Caste (SC) families living below double poverty line,SC,,,Scheduled Caste (SC) families living below double poverty line,,,,,,,,All States and Union Territories of India,All States and Union Territories of India,All Districts,All Districts,INCOME_GENERATION,Cross-Sectoral / Multiple Eligible Activities,Cross-Sectoral / Multiple Eligible Activities,ANY_STAGE,New or Existing Enterprise as per Guidelines,New or Existing Enterprise as per Guidelines,New or Existing Enterprise as per Guidelines,New or Existing Enterprise as per Guidelines,As per statutory guidelines,As per statutory guidelines,As specified in scheme eligibility criteria,As specified in scheme eligibility criteria,SUBSIDY,"Direct capital subsidy of 50% (max ₹50,000 per beneficiary) for income generating and livelihood projects.",NO,,,,,,,,,YES,85.0,"Subsidy of 80% for Micro, 60% for Small, and 50% for Medium enterprises with additional 5-10% concession for SC/ST/Women/NER entrepreneurs (up to 85%)",YES,,,,NOT_APPLICABLE,,,,,,,As per official lending norms,As per official lending norms,Available where specified under scheme guidelines,Available where specified under scheme guidelines,Available where specified under scheme guidelines,Available where specified under scheme guidelines,ONLINE,https://pmsuraj.dosje.gov.in/,https://www.cgtmse.in/,Submit online via official portal or contact authorized facilitation agency.,"Statutory identity, address, and category documents as per guidelines.",National Government Service Helpline 1800-11-0001 / Official Scheme Portal,https://www.cgtmse.in/,Credit Guarantee Trust for Micro and Small Enterprises (CGTMSE),https://pmajay.dosje.gov.in/content/income-generating-schemes,1.0,1.0,2024-01-01,2024-01-01,,1.0,,A-to-Z Data Quality Audit & Provenance Verification against official GOI guidelines,2026-09-01,VERIFIED,ACTIVE,,,"PM-AJAY – Income Generating and Livelihood Projects, Ministry of Social Justice and Empowerment, GRANT_SUBSIDY",,SIH26092-010,
SIH26092-011,SIH26092-011,Credit Guarantee Scheme for Subordinate Debt (CGSSD),Subordinate Debt Support for Stressed MSMEs,Concessional term loans up to ₹20 Lakh at 6% to 8% p.a. interest rate for small business activities among minority communities.,Concessional term loans up to ₹20 Lakh at 6% to 8% p.a. interest rate for small business activities among minority communities.,Concessional credit for income-generating activities for notified minority community members.,Ministry of Minority Affairs,"Ministry of Micro, Small and Medium Enterprises",National Minorities Development and Finance Corporation (NMDFC) / SCAs,"Notified Minority Communities (Muslim, Christian, Sikh, Buddhist, Jain, Parsi)","INDIVIDUAL, ENTREPRENEUR","Notified Minority Communities (Muslim, Christian, Sikh, Buddhist, Jain, Parsi)",MINORITY,,,"Notified Minority Communities (Muslim, Christian, Sikh, Buddhist, Jain, Parsi)",,,,,,,,All States and Union Territories of India,All States and Union Territories of India,All Districts,All Districts,MICRO_ENTERPRISE,Cross-Sectoral / Multiple Eligible Activities,Cross-Sectoral / Multiple Eligible Activities,ANY_STAGE,New or Existing Enterprise as per Guidelines,New or Existing Enterprise as per Guidelines,New or Existing Enterprise as per Guidelines,New or Existing Enterprise as per Guidelines,As per statutory guidelines,As per statutory guidelines,As specified in scheme eligibility criteria,As specified in scheme eligibility criteria,GUARANTEE; CREDIT_SUPPORT,Institutional credit guarantee coverage (up to 85%) for collateral-free bank loans up to ₹5 Crore for MSEs.,YES,,,,7500000.0,,7500000.0,90.0,,NO,,,NO,,,,MARKET_BANK_RATE,120,120,,84,84,,As per official lending norms,As per official lending norms,Available where specified under scheme guidelines,Available where specified under scheme guidelines,Available where specified under scheme guidelines,Available where specified under scheme guidelines,THROUGH_BANK,https://www.cgtmse.in/,https://clcss.dcmsme.gov.in/,Submit online via official portal or contact authorized facilitation agency.,"Statutory identity, address, and category documents as per guidelines.",National Government Service Helpline 1800-11-0001 / Official Scheme Portal,https://msme.gov.in/programmes-schemes/credit-linked-capital-subsidy-scheme,"Credit Linked Capital Subsidy Scheme, Ministry of MSME",https://www.myscheme.gov.in/schemes/tls-nmdfc,1.0,1.0,2024-01-01,2024-01-01,,1.0,,A-to-Z Data Quality Audit & Provenance Verification against official GOI guidelines,2026-09-01,VERIFIED,ACTIVE,,,"NMDFC Term Loan Scheme, Ministry of Minority Affairs, GUARANTEE_CREDIT_SUPPORT",,SIH26092-011,
SIH26092-012,SIH26092-012,NSTFDC Term Loan Scheme,Concessional Term Loan Scheme,Concessional term loans up to ₹50 Lakh at 6% p.a. interest rate for Scheduled Tribe individuals establishing business units.,Concessional term loans up to ₹50 Lakh at 6% p.a. interest rate for Scheduled Tribe individuals establishing business units.,Financial assistance to ST individuals for setting up viable income-generating self-employment units.,Ministry of Tribal Affairs,Ministry of Tribal Affairs,National Scheduled Tribes Finance and Development Corporation (NSTFDC) / ST SCAs,Scheduled Tribe (ST) individuals and ST-owned micro-enterprises,"INDIVIDUAL, ST_BENEFICIARY",Scheduled Tribe (ST) individuals and ST-owned micro-enterprises,ST,,,Scheduled Tribe (ST) individuals and ST-owned micro-enterprises,,,,,,,,All States and Union Territories of India,All States and Union Territories of India,All Districts,All Districts,MICRO_ENTERPRISE,Cross-Sectoral / Multiple Eligible Activities,Cross-Sectoral / Multiple Eligible Activities,ANY_STAGE,New or Existing Enterprise as per Guidelines,New or Existing Enterprise as per Guidelines,New or Existing Enterprise as per Guidelines,New or Existing Enterprise as per Guidelines,As per statutory guidelines,As per statutory guidelines,As specified in scheme eligibility criteria,As specified in scheme eligibility criteria,LOAN,Second loan for upgrading successful PMEGP units up to ₹1 Crore (Mfg) / ₹25 Lakh (Service) with 15% subsidy.,YES,,,100000.0,5000000.0,100000.0,5000000.0,,,NO,,,NO,,6.0,6.0,CONCESSIONAL,60,120,,6,12,,As per official lending norms,As per official lending norms,Available where specified under scheme guidelines,Available where specified under scheme guidelines,Available where specified under scheme guidelines,Available where specified under scheme guidelines,THROUGH_AUTHORIZED_AGENCY,https://www.kviconline.gov.in/,https://sidbi.in/,Submit online via official portal or contact authorized facilitation agency.,"Statutory identity, address, and category documents as per guidelines.",National Government Service Helpline 1800-11-0001 / Official Scheme Portal,https://msme.gov.in/programmes-schemes/interest-subvention-scheme-incremental-credit-msmes,"Interest Subvention Scheme for MSMEs, Ministry of MSME & RBI",https://nstfdc.tribal.gov.in/,1.0,1.0,2024-01-01,2024-01-01,,1.0,,A-to-Z Data Quality Audit & Provenance Verification against official GOI guidelines,2026-09-01,VERIFIED,ACTIVE,,,"NSTFDC Term Loan Scheme, Ministry of Tribal Affairs, LOAN_CREDIT",,SIH26092-012,
SIH26092-013,SIH26092-013,NSTFDC – Adivasi Mahila Sashaktikaran Yojana (AMSY),Concessional Women Micro-Credit Scheme,Concessional term loan up to ₹2 Lakh at 4% p.a. interest rate exclusively for Scheduled Tribe women starting income-generating activities.,Concessional term loan up to ₹2 Lakh at 4% p.a. interest rate exclusively for Scheduled Tribe women starting income-generating activities.,Highly concessional term loan scheme for economic empowerment of Scheduled Tribe women.,Ministry of Tribal Affairs,Ministry of Tribal Affairs,NSTFDC / State Channelizing Agencies,Scheduled Tribe (ST) Women entrepreneurs,"INDIVIDUAL, FEMALE",Scheduled Tribe (ST) Women entrepreneurs,"ST, WOMEN",,,Scheduled Tribe (ST) Women entrepreneurs,FEMALE,,,,,,,All States and Union Territories of India,All States and Union Territories of India,All Districts,All Districts,MICRO_ENTERPRISE,Cross-Sectoral / Multiple Eligible Activities,Cross-Sectoral / Multiple Eligible Activities,ANY_STAGE,New or Existing Enterprise as per Guidelines,New or Existing Enterprise as per Guidelines,New or Existing Enterprise as per Guidelines,New or Existing Enterprise as per Guidelines,As per statutory guidelines,As per statutory guidelines,As specified in scheme eligibility criteria,As specified in scheme eligibility criteria,LOAN,100% government grant up to ₹2.5 Crore (Regular) / ₹5 Crore (Major) for setting up traditional artisan clusters.,YES,,,10000.0,200000.0,10000.0,200000.0,,,NO,,,YES,,4.0,4.0,CONCESSIONAL,36,60,,,,,As per official lending norms,As per official lending norms,Available where specified under scheme guidelines,Available where specified under scheme guidelines,Available where specified under scheme guidelines,Available where specified under scheme guidelines,THROUGH_AUTHORIZED_AGENCY,https://sfurti.msme.gov.in/,https://www.scsthub.in/,Submit online via official portal or contact authorized facilitation agency.,"Statutory identity, address, and category documents as per guidelines.",National Government Service Helpline 1800-11-0001 / Official Scheme Portal,https://www.myscheme.gov.in/schemes/2is-sc-st,"National SC-ST Hub Guidelines, Ministry of MSME",https://nstfdc.tribal.gov.in/,1.0,1.0,2024-01-01,2024-01-01,,1.0,,A-to-Z Data Quality Audit & Provenance Verification against official GOI guidelines,2026-09-01,VERIFIED,ACTIVE,,,"NSTFDC – Adivasi Mahila Sashaktikaran Yojana (AMSY), Ministry of Tribal Affairs, GRANT_SUBSIDY",,SIH26092-013,
SIH26092-014,SIH26092-014,NSTFDC – Micro Credit Scheme for SHGs,Concessional Micro Credit Scheme,"Micro-credit assistance up to ₹50,000 per SHG member (max ₹5 Lakh per SHG) at 6% p.a. interest rate for ST women SHGs.","Micro-credit assistance up to ₹50,000 per SHG member (max ₹5 Lakh per SHG) at 6% p.a. interest rate for ST women SHGs.",Micro-credit facilities for ST Self Help Group members for small business activities.,Ministry of Tribal Affairs,Ministry of Tribal Affairs,NSTFDC / State Channelizing Agencies,Scheduled Tribe Self Help Groups (ST SHGs),"SHG, GROUP",Scheduled Tribe Self Help Groups (ST SHGs),"ST, SHG",,,Scheduled Tribe Self Help Groups (ST SHGs),,,,,,,,All States and Union Territories of India,All States and Union Territories of India,All Districts,All Districts,MICRO_ENTERPRISE,Cross-Sectoral / Multiple Eligible Activities,Cross-Sectoral / Multiple Eligible Activities,ANY_STAGE,New or Existing Enterprise as per Guidelines,New or Existing Enterprise as per Guidelines,New or Existing Enterprise as per Guidelines,New or Existing Enterprise as per Guidelines,As per statutory guidelines,As per statutory guidelines,As specified in scheme eligibility criteria,As specified in scheme eligibility criteria,LOAN,Financial grant up to ₹15 Lakh for proof-of-concept incubation and up to ₹1 Crore for commercialization.,YES,,,10000.0,500000.0,10000.0,500000.0,,,NO,,,YES,,6.0,6.0,CONCESSIONAL,36,36,,,,,As per official lending norms,As per official lending norms,Available where specified under scheme guidelines,Available where specified under scheme guidelines,Available where specified under scheme guidelines,Available where specified under scheme guidelines,THROUGH_AUTHORIZED_AGENCY,https://innovative.msme.gov.in/,https://cluster.msme.gov.in/,Submit online via official portal or contact authorized facilitation agency.,"Statutory identity, address, and category documents as per guidelines.",National Government Service Helpline 1800-11-0001 / Official Scheme Portal,https://msme.gov.in/programmes-schemes/micro-and-small-enterprises-cluster-development-programme-mse-cdp,Micro & Small Enterprises Cluster Development Programme (MSE-CDP),https://nstfdc.tribal.gov.in/,1.0,1.0,2024-01-01,2024-01-01,,1.0,,A-to-Z Data Quality Audit & Provenance Verification against official GOI guidelines,2026-09-01,VERIFIED,ACTIVE,,,"NSTFDC – Micro Credit Scheme for SHGs, Ministry of Tribal Affairs, GRANT_SUBSIDY",,SIH26092-014,
SIH26092-015,SIH26092-015,NBCFDC Individual Term Loan Scheme,Concessional Term Loan Scheme,Term loan up to ₹25 Lakh at 7% to 8% interest rate with 85% NBCFDC financing share for OBC entrepreneurs.,Term loan up to ₹25 Lakh at 7% to 8% interest rate with 85% NBCFDC financing share for OBC entrepreneurs.,"Term loans for establishing self-employment units in agriculture, trade, transport, and service sectors.",Ministry of Social Justice and Empowerment,Ministry of Social Justice and Empowerment,National Backward Classes Finance and Development Corporation (NBCFDC) / SCAs,Other Backward Classes (OBC) individuals,"INDIVIDUAL, OBC_BENEFICIARY",Other Backward Classes (OBC) individuals,OBC,,FALSE,OBC; BACKWARD_CLASS,,,,,500000,<=,ANNUAL_FAMILY_INCOME,All States and Union Territories of India,All States and Union Territories of India,All Districts,All Districts,MICRO_ENTERPRISE,INCOME_GENERATING_ACTIVITY,Cross-Sectoral / Multiple Eligible Activities,ANY_STAGE,New or Existing Enterprise as per Guidelines,New or Existing Enterprise as per Guidelines,New or Existing Enterprise as per Guidelines,New or Existing Enterprise as per Guidelines,As per statutory guidelines,As per statutory guidelines,As specified in scheme eligibility criteria,As specified in scheme eligibility criteria,LOAN,Design project grant up to ₹40 Lakh for product design development and student design project support up to ₹2.5 Lakh.,YES,,,50000.0,2500000.0,50000.0,2500000.0,85.0,15.0,NO,,,YES,,7.0,8.0,CONDITIONAL,36,96,,6,12,,As per official lending norms,As per official lending norms,Available where specified under scheme guidelines,Available where specified under scheme guidelines,Available where specified under scheme guidelines,Available where specified under scheme guidelines,THROUGH_AUTHORIZED_AGENCY,https://innovative.msme.gov.in/,https://atufs.gov.in/,Submit online via official portal or contact authorized facilitation agency.,"Statutory identity, address, and category documents as per guidelines.",National Government Service Helpline 1800-11-0001 / Official Scheme Portal,https://texmin.nic.in/schemes/amended-technology-upgradation-fund-scheme-atufs,"Amended Technology Upgradation Fund Scheme (ATUFS), Ministry of Textiles",https://nbcfdc.gov.in/nbcfdc/web/individual-loan-scheme,1.0,Eligibility; Salient Features; Pattern of Finance; Rate of Interest & Repayment Period,2024-01-01,2024-01-01,,1.0,,A-to-Z Data Quality Audit & Provenance Verification against official GOI guidelines,2026-09-01,VERIFIED,ACTIVE,,,"NBCFDC Individual Term Loan Scheme, Ministry of Social Justice and Empowerment, GRANT_SUBSIDY",,SIH26092-015,
SIH26092-016,SIH26092-016,NBCFDC New Swarnima for Women,Concessional Women Micro-Credit Scheme,Term loan up to ₹2 Lakh at 5% p.a. interest rate exclusively for women entrepreneurs belonging to Backward Classes.,Term loan up to ₹2 Lakh at 5% p.a. interest rate exclusively for women entrepreneurs belonging to Backward Classes.,Concessional term loans for social and financial empowerment of OBC women.,Ministry of Social Justice and Empowerment,Ministry of Social Justice and Empowerment,NBCFDC / State Channelizing Agencies,Women belonging to Backward Classes (OBC),"INDIVIDUAL, FEMALE",Women belonging to Backward Classes (OBC),"OBC, WOMEN",,,Women belonging to Backward Classes (OBC),FEMALE,,,,,,,All States and Union Territories of India,All States and Union Territories of India,All Districts,All Districts,MICRO_ENTERPRISE,Cross-Sectoral / Multiple Eligible Activities,Cross-Sectoral / Multiple Eligible Activities,ANY_STAGE,New or Existing Enterprise as per Guidelines,New or Existing Enterprise as per Guidelines,New or Existing Enterprise as per Guidelines,New or Existing Enterprise as per Guidelines,As per statutory guidelines,As per statutory guidelines,As specified in scheme eligibility criteria,As specified in scheme eligibility criteria,LOAN,"Reimbursement grant up to ₹5 Lakh for Foreign Patent, ₹1 Lakh for Domestic Patent, and ₹2 Lakh for GI registration.",YES,,,10000.0,200000.0,10000.0,200000.0,,,NO,,,YES,,5.0,5.0,CONCESSIONAL,36,60,,,,,As per official lending norms,As per official lending norms,Available where specified under scheme guidelines,Available where specified under scheme guidelines,Available where specified under scheme guidelines,Available where specified under scheme guidelines,THROUGH_AUTHORIZED_AGENCY,https://innovative.msme.gov.in/,https://handlooms.nic.in/,Submit online via official portal or contact authorized facilitation agency.,"Statutory identity, address, and category documents as per guidelines.",National Government Service Helpline 1800-11-0001 / Official Scheme Portal,https://texmin.nic.in/schemes/national-handloom-development-programme,"National Handloom Development Programme Guidelines, Ministry of Textiles",https://socialjustice.gov.in/schemes/13,1.0,1.0,2024-01-01,2024-01-01,,1.0,,A-to-Z Data Quality Audit & Provenance Verification against official GOI guidelines,2026-09-01,VERIFIED,ACTIVE,,,"NBCFDC New Swarnima for Women, Ministry of Social Justice and Empowerment, GRANT_SUBSIDY",,SIH26092-016,
SIH26092-017,SIH26092-017,NBCFDC Loan for Artisans and Traditional Occupations,Concessional Artisan Credit Scheme,Credit assistance up to ₹10 Lakh at 6% p.a. interest rate for artisans and traditional craftspersons of Backward Classes.,Credit assistance up to ₹10 Lakh at 6% p.a. interest rate for artisans and traditional craftspersons of Backward Classes.,"Financial assistance for modernizing toolkits, purchasing raw materials, and expanding traditional art & craft trades.",Ministry of Social Justice and Empowerment,Ministry of Social Justice and Empowerment,NBCFDC / State Channelizing Agencies,OBC Artisans and Traditional Craftspersons,"INDIVIDUAL, ARTISAN",OBC Artisans and Traditional Craftspersons,"OBC, ARTISAN",,,OBC Artisans and Traditional Craftspersons,,,,,,,,All States and Union Territories of India,All States and Union Territories of India,All Districts,All Districts,ARTISAN,Cross-Sectoral / Multiple Eligible Activities,Cross-Sectoral / Multiple Eligible Activities,ANY_STAGE,New or Existing Enterprise as per Guidelines,New or Existing Enterprise as per Guidelines,New or Existing Enterprise as per Guidelines,New or Existing Enterprise as per Guidelines,As per statutory guidelines,As per statutory guidelines,As specified in scheme eligibility criteria,As specified in scheme eligibility criteria,LOAN,100% stall rent reimbursement (up to ₹1.5 Lakh) and travel grant for MSMEs participating in trade exhibitions.,YES,,,50000.0,1000000.0,50000.0,1000000.0,,,NO,,,YES,,6.0,6.0,CONCESSIONAL,36,60,,,,,As per official lending norms,As per official lending norms,Available where specified under scheme guidelines,Available where specified under scheme guidelines,Available where specified under scheme guidelines,Available where specified under scheme guidelines,THROUGH_AUTHORIZED_AGENCY,https://champions.gov.in/,https://handicrafts.nic.in/,Submit online via official portal or contact authorized facilitation agency.,"Statutory identity, address, and category documents as per guidelines.",National Government Service Helpline 1800-11-0001 / Official Scheme Portal,https://texmin.nic.in/schemes/comprehensive-handicrafts-cluster-development-scheme,"Comprehensive Handicrafts Cluster Development Scheme, Ministry of Textiles",https://socialjustice.gov.in/schemes/13,1.0,1.0,2024-01-01,2024-01-01,,1.0,,A-to-Z Data Quality Audit & Provenance Verification against official GOI guidelines,2026-09-01,VERIFIED,ACTIVE,,,"NBCFDC Loan for Artisans and Traditional Occupations, Ministry of Social Justice and Empowerment, GRANT_SUBSIDY",,SIH26092-017,
SIH26092-018,SIH26092-018,Deendayal Antyodaya Yojana - National Rural Livelihoods Mission (DAY-NRLM),Centrally Sponsored Scheme,"Financial support up to ₹1 Lakh, business incubation, and CRP mentorship for rural SHG households starting village enterprises.","Financial support up to ₹1 Lakh, business incubation, and CRP mentorship for rural SHG households starting village enterprises.","Setting up village micro-enterprises with local incubation support, seed capital, and Community Resource Persons.",Ministry of Rural Development,Ministry of Rural Development,State Rural Livelihood Missions (SRLMs) / Block Resource Centres,Rural SHG members and rural micro-entrepreneurs,"INDIVIDUAL, SHG",Rural SHG members and rural micro-entrepreneurs,"SHG, RURAL_POOR",,,Rural SHG members and rural micro-entrepreneurs,,,,,,,,All States and Union Territories of India,All States and Union Territories of India,All Districts,All Districts,RURAL_ENTERPRISE,Cross-Sectoral / Multiple Eligible Activities,Cross-Sectoral / Multiple Eligible Activities,NEW,New or Existing Enterprise as per Guidelines,New or Existing Enterprise as per Guidelines,New or Existing Enterprise as per Guidelines,New or Existing Enterprise as per Guidelines,As per statutory guidelines,As per statutory guidelines,As specified in scheme eligibility criteria,As specified in scheme eligibility criteria,LOAN; SUBSIDY; REVOLVING_FUND,Collateral-free SHG bank credit up to ₹10 Lakh with interest subvention reducing effective rate to 7% p.a.,YES,,,100000.0,1000000.0,100000.0,1000000.0,,,YES,5.0,Interest subvention on bank loans up to ₹3 Lakh bringing effective interest rate down to 7% p.a. (additional 3% subvention for prompt repayment down to 4%),NO,,7.0,7.0,SUBSIDIZED_RATE,36,60,,6,6,,As per official lending norms,As per official lending norms,Available where specified under scheme guidelines,Available where specified under scheme guidelines,Available where specified under scheme guidelines,Available where specified under scheme guidelines,THROUGH_BANK,https://nrlm.gov.in/,https://nrlm.gov.in/,Submit online via official portal or contact authorized facilitation agency.,"Statutory identity, address, and category documents as per guidelines.",National Government Service Helpline 1800-11-0001 / Official Scheme Portal,https://nrlm.gov.in/,"Deendayal Antyodaya Yojana - NRLM, Ministry of Rural Development",https://svep.nrlm.gov.in/,1.0,1.0,2024-01-01,2024-01-01,,1.0,,A-to-Z Data Quality Audit & Provenance Verification against official GOI guidelines,2026-09-01,VERIFIED,ACTIVE,,,"DAY-NRLM – Start-up Village Entrepreneurship Programme (SVEP), Ministry of Rural Development, LOAN_CREDIT",,SIH26092-018,
SIH26092-019,SIH26092-019,Startup India Seed Fund Scheme (SISFS),Central Sector Seed Support Scheme,Grants up to ₹20 Lakh for proof of concept and loans/debentures up to ₹50 Lakh for commercialization of DPIIT startups.,Grants up to ₹20 Lakh for proof of concept and loans/debentures up to ₹50 Lakh for commercialization of DPIIT startups.,"Financial assistance for proof of concept, prototype development, product trials, market entry, and commercialization.",Ministry of Commerce and Industry,Ministry of Commerce and Industry,DPIIT / Incubators,DPIIT-recognized Startups with innovative proof-of-concept,"STARTUP, PRIVATE_LIMITED, LLP",DPIIT-recognized Startups with innovative proof-of-concept,"STARTUP, INNOVATOR",,,DPIIT-recognized Startups with innovative proof-of-concept,,,,,,,,All States and Union Territories of India,All States and Union Territories of India,All Districts,All Districts,STARTUP,Cross-Sectoral / Multiple Eligible Activities,Cross-Sectoral / Multiple Eligible Activities,NEW,New or Existing Enterprise as per Guidelines,New or Existing Enterprise as per Guidelines,New or Existing Enterprise as per Guidelines,New or Existing Enterprise as per Guidelines,As per statutory guidelines,As per statutory guidelines,As specified in scheme eligibility criteria,As specified in scheme eligibility criteria,GRANT; DEBT,Early-stage financial grant up to ₹20 Lakh for prototype/trials and up to ₹50 Lakh for commercialization via incubators.,YES,,5000000.0,,5000000.0,,5000000.0,,,NO,,Up to ₹20 Lakh grant for proof of concept and up to ₹50 Lakh debt/convertible debenture for commercialization,YES,2000000.0,,,CONVERTIBLE_DEBENTURE,36,60,,12,12,,As per official lending norms,As per official lending norms,Available where specified under scheme guidelines,Available where specified under scheme guidelines,Available where specified under scheme guidelines,Available where specified under scheme guidelines,ONLINE,https://www.startupindia.gov.in/,https://www.startupindia.gov.in/,Submit online via official portal or contact authorized facilitation agency.,"Statutory identity, address, and category documents as per guidelines.",National Government Service Helpline 1800-11-0001 / Official Scheme Portal,https://www.startupindia.gov.in/content/sih/en/fund-of-funds-for-startups.html,"Fund of Funds for Startups (FFS) Guidelines, DPIIT",https://seedfund.startupindia.gov.in/about,1.0,1.0,2024-01-01,2024-01-01,,1.0,,A-to-Z Data Quality Audit & Provenance Verification against official GOI guidelines,2026-09-01,VERIFIED,ACTIVE,,,"Startup India Seed Fund Scheme, Ministry of Commerce and Industry, GRANT_SUBSIDY",,SIH26092-019,
SIH26092-020,SIH26092-020,Credit Guarantee Scheme for Startups (CGSS),Credit Guarantee Facility,Credit guarantee cover up to ₹10 Crore for collateral-free debt financing extended by banks and NBFCs to recognized startups.,Credit guarantee cover up to ₹10 Crore for collateral-free debt financing extended by banks and NBFCs to recognized startups.,Credit guarantee coverage up to ₹10 Crore to Member Institutions for collateral-free loans extended to DPIIT startups.,Ministry of Commerce and Industry,Ministry of Commerce and Industry,National Credit Guarantee Trustee Company (NCGTC) / Banks,DPIIT-recognized Startups seeking debt financing,STARTUP,DPIIT-recognized Startups seeking debt financing,STARTUP,,,DPIIT-recognized Startups seeking debt financing,,,,,,,,All States and Union Territories of India,All States and Union Territories of India,All Districts,All Districts,STARTUP,Cross-Sectoral / Multiple Eligible Activities,Cross-Sectoral / Multiple Eligible Activities,EXPANSION,New or Existing Enterprise as per Guidelines,New or Existing Enterprise as per Guidelines,New or Existing Enterprise as per Guidelines,New or Existing Enterprise as per Guidelines,As per statutory guidelines,As per statutory guidelines,As specified in scheme eligibility criteria,As specified in scheme eligibility criteria,GUARANTEE,Institutional venture capital fund-of-funds investment into SEBI registered Alternative Investment Funds (AIFs).,NO,,,,,,,,,NO,,Credit guarantee coverage up to ₹10 Crore per borrower for loans sanctioned by member institutions to DPIIT-recognized startups,NO,,,,NOT_APPLICABLE,,,,,,,FALSE,As per official lending norms,Available where specified under scheme guidelines,Available where specified under scheme guidelines,Available where specified under scheme guidelines,Available where specified under scheme guidelines,THROUGH_BANK,https://www.startupindia.gov.in/,https://seedfund.startupindia.gov.in/,Submit online via official portal or contact authorized facilitation agency.,"Statutory identity, address, and category documents as per guidelines.",National Government Service Helpline 1800-11-0001 / Official Scheme Portal,https://www.startupindia.gov.in/content/sih/en/startup-india-seed-fund-scheme.html,"Startup India Seed Fund Scheme (SISFS) Operational Guidelines, DPIIT",https://www.startupindia.gov.in/content/sih/en/credit-guarantee-scheme-for-startups.html,1.0,1.0,2024-01-01,2024-01-01,,1.0,,A-to-Z Data Quality Audit & Provenance Verification against official GOI guidelines,2026-09-01,VERIFIED,ACTIVE,,,"Credit Guarantee Scheme for Startups (CGSS), Ministry of Commerce and Industry, GUARANTEE_CREDIT_SUPPORT",,SIH26092-020,
SIH26092-021,SIH26092-021,Concessional Credit/Weaver MUDRA Scheme,Government Welfare Scheme,"Concessional loans up to ₹2 Lakh for individual weavers (up to ₹5 Lakh for weaver enterprises) with 6% interest subvention and ₹10,000 margin money.","Concessional loans up to ₹2 Lakh for individual weavers (up to ₹5 Lakh for weaver enterprises) with 6% interest subvention and ₹10,000 margin money.","Concessional credit, 6% interest subvention, and margin money assistance for handloom weavers.",Ministry of Textiles,Ministry of Textiles,Office of the Development Commissioner for Handlooms / Banks,Handloom Weavers and Weaver Entrepreneurs,"INDIVIDUAL, WEAVER",Handloom Weavers and Weaver Entrepreneurs,"WEAVER, ARTISAN",,,Handloom Weavers and Weaver Entrepreneurs,,,,,,,,All States and Union Territories of India,All States and Union Territories of India,All Districts,All Districts,TEXTILES,Cross-Sectoral / Multiple Eligible Activities,Cross-Sectoral / Multiple Eligible Activities,ANY_STAGE,New or Existing Enterprise as per Guidelines,New or Existing Enterprise as per Guidelines,New or Existing Enterprise as per Guidelines,New or Existing Enterprise as per Guidelines,As per statutory guidelines,As per statutory guidelines,As specified in scheme eligibility criteria,As specified in scheme eligibility criteria,CONCESSIONAL_CREDIT,Credit guarantee coverage (up to ₹10 Crore) for collateral-free debt funding to DPIIT recognized startups.,NO,,,,,,,,,NO,,,NO,,,,NOT_APPLICABLE,,,,,,,As per official lending norms,As per official lending norms,Available where specified under scheme guidelines,Available where specified under scheme guidelines,Available where specified under scheme guidelines,Available where specified under scheme guidelines,THROUGH_BANK,https://www.ncgtc.in/,https://handlooms.nic.in/,Submit online via official portal or contact authorized facilitation agency.,"Statutory identity, address, and category documents as per guidelines.",National Government Service Helpline 1800-11-0001 / Official Scheme Portal,https://texmin.nic.in/schemes/weaver-mudra-scheme,"Weaver MUDRA Scheme Guidelines, Development Commissioner (Handlooms)",https://myhandlooms.gov.in/Home/WeaverMudraLoan.aspx,1.0,1.0,2024-01-01,2024-01-01,,1.0,,A-to-Z Data Quality Audit & Provenance Verification against official GOI guidelines,2026-09-01,VERIFIED,ACTIVE,,,"Concessional Credit/Weaver MUDRA Scheme, Ministry of Textiles, GUARANTEE_CREDIT_SUPPORT",,SIH26092-021,
SIH26092-022,SIH26092-022,National Handloom Development Programme (NHDP),Central Sector Scheme,"Grants up to ₹2 Crore per cluster for technology upgrades, loom equipment, design development, and marketing support for weavers.","Grants up to ₹2 Crore per cluster for technology upgrades, loom equipment, design development, and marketing support for weavers.","Cluster development, upgraded looms & accessories, design studio support, and marketing infrastructure for handloom sector.",Ministry of Textiles,Ministry of Textiles,Development Commissioner for Handlooms / Weavers Service Centres,"Handloom Cooperatives, Self Help Groups, Weaver Associations","SHG, COOPERATIVE, ASSOCIATION","Handloom Cooperatives, Self Help Groups, Weaver Associations","WEAVER, SHG, COOPERATIVE",,,"Handloom Cooperatives, Self Help Groups, Weaver Associations",,,,,,,,All States and Union Territories of India,All States and Union Territories of India,All Districts,All Districts,TEXTILES,Cross-Sectoral / Multiple Eligible Activities,Cross-Sectoral / Multiple Eligible Activities,ANY_STAGE,New or Existing Enterprise as per Guidelines,New or Existing Enterprise as per Guidelines,New or Existing Enterprise as per Guidelines,New or Existing Enterprise as per Guidelines,As per statutory guidelines,As per statutory guidelines,As specified in scheme eligibility criteria,As specified in scheme eligibility criteria,GRANT,"80% patent filing fee rebate, 50% trademark fee rebate and fast-track examination for startups.",NO,,20000000.0,,,,,,,YES,80.0,,YES,,,,NOT_APPLICABLE,,,,,,,As per official lending norms,As per official lending norms,Available where specified under scheme guidelines,Available where specified under scheme guidelines,Available where specified under scheme guidelines,Available where specified under scheme guidelines,ONLINE,https://www.startupindia.gov.in/,https://handlooms.nic.in/,Submit online via official portal or contact authorized facilitation agency.,"Statutory identity, address, and category documents as per guidelines.",National Government Service Helpline 1800-11-0001 / Official Scheme Portal,https://texmin.nic.in/schemes/national-handloom-development-programme,"NHDP Concessional Credit Guidelines, Ministry of Textiles",https://myhandlooms.gov.in/Home/NHDP.aspx,1.0,1.0,2024-01-01,2024-01-01,,1.0,,A-to-Z Data Quality Audit & Provenance Verification against official GOI guidelines,2026-09-01,VERIFIED,ACTIVE,,,"National Handloom Development Programme (NHDP), Ministry of Textiles, GRANT_SUBSIDY",,SIH26092-022,
SIH26092-023,SIH26092-023,SFURTI,Government Welfare Scheme,"Grant assistance up to ₹5 Crore for setting up Common Facility Centres (CFCs), raw material banks, and modern machinery in traditional clusters.","Grant assistance up to ₹5 Crore for setting up Common Facility Centres (CFCs), raw material banks, and modern machinery in traditional clusters.",Organizing traditional artisans and industries into clusters to make them competitive and sustainable.,"Ministry of Micro, Small and Medium Enterprises","Ministry of Micro, Small and Medium Enterprises","KVIC, Coir Board, IIE, NIMSME, State Agencies","Traditional Industry Clusters (Khadi, Coir, Handicrafts, Agro-Processing)","IA, NGO, COOPERATIVE, TRUST","Traditional Industry Clusters (Khadi, Coir, Handicrafts, Agro-Processing)","ARTISAN, CLUSTER_WORKERS",,,"Traditional Industry Clusters (Khadi, Coir, Handicrafts, Agro-Processing)",,,,,,,,All States and Union Territories of India,All States and Union Territories of India,All Districts,All Districts,TRADITIONAL_CRAFT,Cross-Sectoral / Multiple Eligible Activities,Cross-Sectoral / Multiple Eligible Activities,ANY_STAGE,New or Existing Enterprise as per Guidelines,New or Existing Enterprise as per Guidelines,New or Existing Enterprise as per Guidelines,New or Existing Enterprise as per Guidelines,As per statutory guidelines,As per statutory guidelines,As specified in scheme eligibility criteria,As specified in scheme eligibility criteria,GRANT,100% tax exemption on profits for 3 consecutive years out of 10 years under Section 80-IAC.,NO,,50000000.0,,,,,,,YES,100.0,,NO,,,,NOT_APPLICABLE,,,,,,,As per official lending norms,As per official lending norms,Available where specified under scheme guidelines,Available where specified under scheme guidelines,Available where specified under scheme guidelines,Available where specified under scheme guidelines,ONLINE,https://www.incometax.gov.in/,https://sfurti.msme.gov.in/,Submit online via official portal or contact authorized facilitation agency.,"Statutory identity, address, and category documents as per guidelines.",National Government Service Helpline 1800-11-0001 / Official Scheme Portal,https://sfurti.msme.gov.in/,"SFURTI Scheme Guidelines, Ministry of MSME",https://sfurti.msme.gov.in/SFURTI/Home.aspx,1.0,1.0,2024-01-01,2024-01-01,,1.0,,A-to-Z Data Quality Audit & Provenance Verification against official GOI guidelines,2026-09-01,VERIFIED,ACTIVE,,,"SFURTI, Ministry of Micro, Small and Medium Enterprises, GRANT_SUBSIDY",,SIH26092-023,
SIH26092-024,SIH26092-024,ASPIRE,Government Welfare Scheme,100% grant assistance up to ₹1 Crore for setting up Livelihood Business Incubators to train rural youth and incubate agri-enterprises.,100% grant assistance up to ₹1 Crore for setting up Livelihood Business Incubators to train rural youth and incubate agri-enterprises.,Creating Livelihood Business Incubators (LBIs) and Technology Business Incubators (TBIs) for agro-rural innovation.,"Ministry of Micro, Small and Medium Enterprises","Ministry of Micro, Small and Medium Enterprises","KVIC, Coir Board, NSIC, Agro-Incubators","Agro-Rural Entrepreneurs, Livelihood Incubators, Startups","INSTITUTION, INCUBATOR, ENTREPRENEUR","Agro-Rural Entrepreneurs, Livelihood Incubators, Startups","FARMER, RURAL_YOUTH",,,"Agro-Rural Entrepreneurs, Livelihood Incubators, Startups",,,,,,,,All States and Union Territories of India,All States and Union Territories of India,All Districts,All Districts,AGRI_BUSINESS,Cross-Sectoral / Multiple Eligible Activities,Cross-Sectoral / Multiple Eligible Activities,NEW,New or Existing Enterprise as per Guidelines,New or Existing Enterprise as per Guidelines,New or Existing Enterprise as per Guidelines,New or Existing Enterprise as per Guidelines,As per statutory guidelines,As per statutory guidelines,As specified in scheme eligibility criteria,As specified in scheme eligibility criteria,GRANT,Complete tax exemption on investments received above Fair Market Value under Section 56(2)(viib).,NO,,10000000.0,,,,,,,YES,100.0,,NO,,,,NOT_APPLICABLE,,,,,,,As per official lending norms,As per official lending norms,Available where specified under scheme guidelines,Available where specified under scheme guidelines,Available where specified under scheme guidelines,Available where specified under scheme guidelines,ONLINE,https://www.incometax.gov.in/,https://aspire.msme.gov.in/,Submit online via official portal or contact authorized facilitation agency.,"Statutory identity, address, and category documents as per guidelines.",National Government Service Helpline 1800-11-0001 / Official Scheme Portal,https://aspire.msme.gov.in/,"ASPIRE Scheme Guidelines, Ministry of MSME",https://my.msme.gov.in/ARI/ASPIRE,1.0,1.0,2024-01-01,2024-01-01,,1.0,,A-to-Z Data Quality Audit & Provenance Verification against official GOI guidelines,2026-09-01,VERIFIED,ACTIVE,,,"ASPIRE, Ministry of Micro, Small and Medium Enterprises, GRANT_SUBSIDY",,SIH26092-024,
SIH26092-025,SIH26092-025,Pradhan Mantri Matsya Sampada Yojana (PMMSY),Centrally Sponsored Scheme,"40% subsidy for General and 60% subsidy for SC/ST/Women for setting up aquaculture, biofloc, fish feed, and cold storage projects.","40% subsidy for General and 60% subsidy for SC/ST/Women for setting up aquaculture, biofloc, fish feed, and cold storage projects.","Holistic development of fisheries sector through aquaculture, cold chain infrastructure, and biofloc units.","Ministry of Fisheries, Animal Husbandry and Dairying","Ministry of Fisheries, Animal Husbandry and Dairying",State Fisheries Departments / NFDB,"Fishers, Fish Farmers, Fisheries Cooperatives, Entrepreneurs","INDIVIDUAL, FPO, COOPERATIVE, ENTERPRISE","Fishers, Fish Farmers, Fisheries Cooperatives, Entrepreneurs","FISH_FARMER, FISHERMAN",,,"Fishers, Fish Farmers, Fisheries Cooperatives, Entrepreneurs",,,,,,,,All States and Union Territories of India,All States and Union Territories of India,All Districts,All Districts,FISHERIES,Cross-Sectoral / Multiple Eligible Activities,Cross-Sectoral / Multiple Eligible Activities,ANY_STAGE,New or Existing Enterprise as per Guidelines,New or Existing Enterprise as per Guidelines,New or Existing Enterprise as per Guidelines,New or Existing Enterprise as per Guidelines,As per statutory guidelines,As per statutory guidelines,As specified in scheme eligibility criteria,As specified in scheme eligibility criteria,SUBSIDY; GRANT,Bank loan assistance with 40% (General) / 60% (SC/ST/Women) government capital subsidy for fisheries infrastructure.,NO,,5000000.0,,,,,,,YES,60.0,Government subsidy of 40% of project cost for General category and 60% for SC/ST/Women beneficiaries,NO,,,,NOT_APPLICABLE,,,,,,,As per official lending norms,As per official lending norms,Available where specified under scheme guidelines,Available where specified under scheme guidelines,Available where specified under scheme guidelines,Available where specified under scheme guidelines,ONLINE,https://pmmsy.dof.gov.in/,https://pmmsy.dof.gov.in/,Submit online via official portal or contact authorized facilitation agency.,"Statutory identity, address, and category documents as per guidelines.",National Government Service Helpline 1800-11-0001 / Official Scheme Portal,https://pmmsy.dof.gov.in/,"Pradhan Mantri Matsya Sampada Yojana Guidelines, Department of Fisheries",https://www.myscheme.gov.in/schemes/pmmsy,1.0,1.0,2024-01-01,2024-01-01,,1.0,,A-to-Z Data Quality Audit & Provenance Verification against official GOI guidelines,2026-09-01,VERIFIED,ACTIVE,,,"PMMSY – Entrepreneur Model, Ministry of Fisheries, Animal Husbandry and Dairying, LOAN_CREDIT",,SIH26092-025,
SIH26092-026,SIH26092-026,PMMKSSY,Central Sector Scheme,"Livelihood financial assistance during fishing ban/lean periods, safety equipment grants, and group accident insurance for fishers.","Livelihood financial assistance during fishing ban/lean periods, safety equipment grants, and group accident insurance for fishers.","Livelihood support, insurance coverage, and vessel safety equipment for coastal and inland fishers.","Ministry of Fisheries, Animal Husbandry and Dairying","Ministry of Fisheries, Animal Husbandry and Dairying",Department of Fisheries / State Nodal Agencies,"Traditional Fishers, Coastal Communities, Aqua Workers","INDIVIDUAL, COOPERATIVE","Traditional Fishers, Coastal Communities, Aqua Workers","FISH_FARMER, FISHERMAN",,,"Traditional Fishers, Coastal Communities, Aqua Workers",,,,,,,,All States and Union Territories of India,All States and Union Territories of India,All Districts,All Districts,FISHERIES,Cross-Sectoral / Multiple Eligible Activities,Cross-Sectoral / Multiple Eligible Activities,ANY_STAGE,New or Existing Enterprise as per Guidelines,New or Existing Enterprise as per Guidelines,New or Existing Enterprise as per Guidelines,New or Existing Enterprise as per Guidelines,As per statutory guidelines,As per statutory guidelines,As specified in scheme eligibility criteria,As specified in scheme eligibility criteria,FINANCIAL_ASSISTANCE,Short-term working capital crop & animal husbandry credit up to ₹2-3 Lakh @ effective 4% interest rate with prompt repayment.,YES,,,,200000.0,,200000.0,,,YES,3.0,,NO,,7,7,SUBSIDIZED_FIXED,12,12,,0,0,,As per official lending norms,As per official lending norms,Available where specified under scheme guidelines,Available where specified under scheme guidelines,Available where specified under scheme guidelines,Available where specified under scheme guidelines,THROUGH_BANK,https://pmkisan.gov.in/,https://pmmsy.dof.gov.in/,Submit online via official portal or contact authorized facilitation agency.,"Statutory identity, address, and category documents as per guidelines.",National Government Service Helpline 1800-11-0001 / Official Scheme Portal,https://pmmsy.dof.gov.in/pmmkssy,"Pradhan Mantri Matsya Kisan Samridhi Sah-Yojana (PMMKSSY), Department of Fisheries",https://www.pmindia.gov.in/en/news_updates/cabinet-approves-pradhan-mantri-matsya-kisan-samridhi-sah-yojana-pm-mkssy-a-central-sector-sub-scheme-under-the-pradhan-mantri-matsya-sampada-for-the-fisheries-sector-micro-and-small-enterprises/,1.0,1.0,2024-01-01,2024-01-01,,1.0,,A-to-Z Data Quality Audit & Provenance Verification against official GOI guidelines,2026-09-01,VERIFIED,ACTIVE,,,"PMMKSSY, Ministry of Fisheries, Animal Husbandry and Dairying, LOAN_CREDIT",,SIH26092-026,
SIH26092-027,SIH26092-027,NSKFDC Swachhta Udyami Yojana – sanitation equipment/vehicles,Government Welfare Scheme,Concessional loans up to ₹50 Lakh at 4% to 6% interest rate with 50% capital subsidy (up to ₹5 Lakh) for procuring mechanized sanitation equipment and vehicles.,Concessional loans up to ₹50 Lakh at 4% to 6% interest rate with 50% capital subsidy (up to ₹5 Lakh) for procuring mechanized sanitation equipment and vehicles.,Mechanization of sanitation work by assisting target beneficiaries to procure sanitation equipment and vehicles.,Ministry of Social Justice and Empowerment,Ministry of Social Justice and Empowerment,National Safai Karamcharis Finance and Development Corporation (NSKFDC) / Urban Local Bodies,"Safai Karamcharis, Manual Scavengers, and their dependents","INDIVIDUAL, SANITATION_WORKER","Safai Karamcharis, Manual Scavengers, and their dependents","SANITATION_WORKER, SAFAI_KARAMCHARI",,,"Safai Karamcharis, Manual Scavengers, and their dependents",,,,,,,,All States and Union Territories of India,All States and Union Territories of India,All Districts,All Districts,SANITATION,Cross-Sectoral / Multiple Eligible Activities,Cross-Sectoral / Multiple Eligible Activities,NEW,New or Existing Enterprise as per Guidelines,New or Existing Enterprise as per Guidelines,New or Existing Enterprise as per Guidelines,New or Existing Enterprise as per Guidelines,As per statutory guidelines,As per statutory guidelines,As specified in scheme eligibility criteria,As specified in scheme eligibility criteria,TERM_LOAN,"Comprehensive crop loss insurance coverage with nominal farmer premium (1.5%-2% for food crops, 5% for commercial crops).",NO,,,,,,,,,YES,50.0,,YES,,,,NOT_APPLICABLE,,,,,,,As per official lending norms,As per official lending norms,Available where specified under scheme guidelines,Available where specified under scheme guidelines,Available where specified under scheme guidelines,Available where specified under scheme guidelines,ONLINE,https://pmfby.gov.in/,https://nskfdc.nic.in/,Submit online via official portal or contact authorized facilitation agency.,"Statutory identity, address, and category documents as per guidelines.",National Government Service Helpline 1800-11-0001 / Official Scheme Portal,https://nskfdc.nic.in/en/swachhta-udyami-yojana,"NSKFDC Swachhta Udyami Yojana Guidelines, MoSJE",https://nskfdc.nic.in/en/content/schemes-programmes/loan-schemes,1.0,1.0,2024-01-01,2024-01-01,,1.0,,A-to-Z Data Quality Audit & Provenance Verification against official GOI guidelines,2026-09-01,VERIFIED,ACTIVE,,,"NSKFDC Swachhta Udyami Yojana – sanitation equipment/vehicles, Ministry of Social Justice and Empowerment, GRANT_SUBSIDY",,SIH26092-027,
SIH26092-028,SIH26092-028,NSKFDC General Term Loan,Government Welfare Scheme,Concessional term loans up to ₹15 Lakh at 6% p.a. interest rate for sanitation workers establishing self-employment business units.,Concessional term loans up to ₹15 Lakh at 6% p.a. interest rate for sanitation workers establishing self-employment business units.,General term loans for setting up any viable income-generating business unit.,Ministry of Social Justice and Empowerment,Ministry of Social Justice and Empowerment,NSKFDC / State Channelizing Agencies,"Safai Karamcharis, Scavengers, and their dependents","INDIVIDUAL, ENTREPRENEUR","Safai Karamcharis, Scavengers, and their dependents",SANITATION_WORKER,,,"Safai Karamcharis, Scavengers, and their dependents",,,,,,,,All States and Union Territories of India,All States and Union Territories of India,All Districts,All Districts,MICRO_ENTERPRISE,Cross-Sectoral / Multiple Eligible Activities,Cross-Sectoral / Multiple Eligible Activities,ANY_STAGE,New or Existing Enterprise as per Guidelines,New or Existing Enterprise as per Guidelines,New or Existing Enterprise as per Guidelines,New or Existing Enterprise as per Guidelines,As per statutory guidelines,As per statutory guidelines,As specified in scheme eligibility criteria,As specified in scheme eligibility criteria,TERM_LOAN,Direct capital subsidy of 45% to 55% for installing drip and sprinkler micro-irrigation systems.,NO,,,,,,,,,YES,55.0,,YES,,,,NOT_APPLICABLE,,,,,,,As per official lending norms,As per official lending norms,Available where specified under scheme guidelines,Available where specified under scheme guidelines,Available where specified under scheme guidelines,Available where specified under scheme guidelines,THROUGH_AUTHORIZED_AGENCY,https://pmksy.gov.in/,https://pmsuraj.dosje.gov.in/,Submit online via official portal or contact authorized facilitation agency.,"Statutory identity, address, and category documents as per guidelines.",National Government Service Helpline 1800-11-0001 / Official Scheme Portal,https://nskfdc.nic.in/en/general-term-loan,"NSKFDC General Term Loan Scheme Guidelines, MoSJE",https://nskfdc.nic.in/en/content/schemes-programmes/general-term-loan-tl,1.0,1.0,2024-01-01,2024-01-01,,1.0,,A-to-Z Data Quality Audit & Provenance Verification against official GOI guidelines,2026-09-01,VERIFIED,ACTIVE,,,"NSKFDC General Term Loan, Ministry of Social Justice and Empowerment, GRANT_SUBSIDY",,SIH26092-028,
SIH26092-029,SIH26092-029,NSKFDC Micro Credit Finance,Government Welfare Scheme,Micro-credit assistance up to ₹1 Lakh per individual at 5% p.a. interest rate for small income-generating micro-activities.,Micro-credit assistance up to ₹1 Lakh per individual at 5% p.a. interest rate for small income-generating micro-activities.,Micro-credit financial assistance for small business activities.,Ministry of Social Justice and Empowerment,Ministry of Social Justice and Empowerment,NSKFDC / State Channelizing Agencies,Safai Karamcharis and their dependents,"INDIVIDUAL, MICRO_BUSINESS",Safai Karamcharis and their dependents,SANITATION_WORKER,,,Safai Karamcharis and their dependents,,,,,,,,All States and Union Territories of India,All States and Union Territories of India,All Districts,All Districts,MICRO_ENTERPRISE,Cross-Sectoral / Multiple Eligible Activities,Cross-Sectoral / Multiple Eligible Activities,ANY_STAGE,New or Existing Enterprise as per Guidelines,New or Existing Enterprise as per Guidelines,New or Existing Enterprise as per Guidelines,New or Existing Enterprise as per Guidelines,As per statutory guidelines,As per statutory guidelines,As specified in scheme eligibility criteria,As specified in scheme eligibility criteria,MICRO_CREDIT,"40% to 50% capital subsidy on purchase of tractors, power tillers, and agricultural machinery.",NO,,,,,,,,,YES,50.0,,YES,,,,NOT_APPLICABLE,,,,,,,As per official lending norms,As per official lending norms,Available where specified under scheme guidelines,Available where specified under scheme guidelines,Available where specified under scheme guidelines,Available where specified under scheme guidelines,ONLINE,https://farmech.dac.gov.in/,https://pmsuraj.dosje.gov.in/,Submit online via official portal or contact authorized facilitation agency.,"Statutory identity, address, and category documents as per guidelines.",National Government Service Helpline 1800-11-0001 / Official Scheme Portal,https://nskfdc.nic.in/en/micro-credit-finance,"NSKFDC Micro Credit Finance Scheme, MoSJE",https://nskfdc.nic.in/en/content/home/schemes-programmes,1.0,1.0,2024-01-01,2024-01-01,,1.0,,A-to-Z Data Quality Audit & Provenance Verification against official GOI guidelines,2026-09-01,VERIFIED,ACTIVE,,,"NSKFDC Micro Credit Finance, Ministry of Social Justice and Empowerment, GRANT_SUBSIDY",,SIH26092-029,
SIH26092-030,SIH26092-030,NSKFDC Mahila Samriddhi Yojana,Government Welfare Scheme,Micro-credit assistance up to ₹1 Lakh at 4% p.a. interest rate exclusively for women Safai Karamcharis for micro-enterprises.,Micro-credit assistance up to ₹1 Lakh at 4% p.a. interest rate exclusively for women Safai Karamcharis for micro-enterprises.,Concessional micro-credit scheme specifically designed for women sanitation workers.,Ministry of Social Justice and Empowerment,Ministry of Social Justice and Empowerment,NSKFDC / State Channelizing Agencies,Women Safai Karamcharis and female dependents,"INDIVIDUAL, FEMALE",Women Safai Karamcharis and female dependents,"SANITATION_WORKER, WOMEN",,,Women Safai Karamcharis and female dependents,FEMALE,,,,,,,All States and Union Territories of India,All States and Union Territories of India,All Districts,All Districts,MICRO_ENTERPRISE,Cross-Sectoral / Multiple Eligible Activities,Cross-Sectoral / Multiple Eligible Activities,ANY_STAGE,New or Existing Enterprise as per Guidelines,New or Existing Enterprise as per Guidelines,New or Existing Enterprise as per Guidelines,New or Existing Enterprise as per Guidelines,As per statutory guidelines,As per statutory guidelines,As specified in scheme eligibility criteria,As specified in scheme eligibility criteria,MICRO_CREDIT,Up to 60% capital subsidy (30% Central + 30% State) for setting up solar water agriculture pumps.,NO,,,,,,,,,YES,60.0,,YES,,,,NOT_APPLICABLE,,,,,,,As per official lending norms,As per official lending norms,Available where specified under scheme guidelines,Available where specified under scheme guidelines,Available where specified under scheme guidelines,Available where specified under scheme guidelines,ONLINE,https://pmkusum.mnre.gov.in/,https://pmsuraj.dosje.gov.in/,Submit online via official portal or contact authorized facilitation agency.,"Statutory identity, address, and category documents as per guidelines.",National Government Service Helpline 1800-11-0001 / Official Scheme Portal,https://nskfdc.nic.in/en/mahila-samriddhi-yojana,"NSKFDC Mahila Samriddhi Yojana Guidelines, MoSJE",https://nskfdc.nic.in/en/content/home/schemes-programmes,1.0,1.0,2024-01-01,2024-01-01,,1.0,,A-to-Z Data Quality Audit & Provenance Verification against official GOI guidelines,2026-09-01,VERIFIED,ACTIVE,,,"NSKFDC Mahila Samriddhi Yojana, Ministry of Social Justice and Empowerment, GRANT_SUBSIDY",,SIH26092-030,
SIH26092-031,SIH26092-031,NDFDC Micro Financing Scheme,Government Welfare Scheme,Micro-credit up to ₹1 Lakh at 5% p.a. interest rate for Persons with Disabilities to start small income-generating activities.,Micro-credit up to ₹1 Lakh at 5% p.a. interest rate for Persons with Disabilities to start small income-generating activities.,Micro-finance for small commercial activities for Persons with Disabilities.,Ministry of Social Justice and Empowerment,Ministry of Social Justice and Empowerment,National Divyangjan Finance and Development Corporation (NDFDC) / SCAs,Persons with Disabilities (PwDs / Divyangjan),"INDIVIDUAL, PWD",Persons with Disabilities (PwDs / Divyangjan),"DIVYANGJAN, PWD",,,Persons with Disabilities (PwDs / Divyangjan),,,,,,,,All States and Union Territories of India,All States and Union Territories of India,All Districts,All Districts,MICRO_ENTERPRISE,Cross-Sectoral / Multiple Eligible Activities,Cross-Sectoral / Multiple Eligible Activities,ANY_STAGE,New or Existing Enterprise as per Guidelines,New or Existing Enterprise as per Guidelines,New or Existing Enterprise as per Guidelines,New or Existing Enterprise as per Guidelines,As per statutory guidelines,As per statutory guidelines,As specified in scheme eligibility criteria,As specified in scheme eligibility criteria,MICRO_CREDIT,"Capital subsidy of 40% to 50% for establishing high-value horticulture nurseries, polyhouses and orchards.",NO,,,,,,,,,YES,50.0,,YES,,,,NOT_APPLICABLE,,,,,,,As per official lending norms,As per official lending norms,Available where specified under scheme guidelines,Available where specified under scheme guidelines,Available where specified under scheme guidelines,Available where specified under scheme guidelines,THROUGH_AUTHORIZED_AGENCY,https://midh.gov.in/,https://pmsuraj.dosje.gov.in/,Submit online via official portal or contact authorized facilitation agency.,"Statutory identity, address, and category documents as per guidelines.",National Government Service Helpline 1800-11-0001 / Official Scheme Portal,https://ndfdc.nic.in/micro-financing-scheme,"NDFDC Micro Financing Scheme Guidelines, DEPwD",https://ndfdc.nic.in/schemes/micro-financing-scheme,1.0,1.0,2024-01-01,2024-01-01,,1.0,,A-to-Z Data Quality Audit & Provenance Verification against official GOI guidelines,2026-09-01,VERIFIED,ACTIVE,,,"NDFDC Micro Financing Scheme, Ministry of Social Justice and Empowerment, GRANT_SUBSIDY",,SIH26092-031,
SIH26092-032,SIH26092-032,NDFDC Self-Employment Loan,Government Welfare Scheme,Term loan up to ₹50 Lakh at 5% to 9% p.a. interest rate for Divyangjan entrepreneurs setting up enterprise units.,Term loan up to ₹50 Lakh at 5% to 9% p.a. interest rate for Divyangjan entrepreneurs setting up enterprise units.,"Term loans for self-employment ventures in manufacturing, trading, or service sectors for Divyangjan.",Ministry of Social Justice and Empowerment,Ministry of Social Justice and Empowerment,NDFDC / State Channelizing Agencies,Persons with Disabilities (PwDs) establishing self-employment units,"INDIVIDUAL, PWD, ENTREPRENEUR",Persons with Disabilities (PwDs) establishing self-employment units,"DIVYANGJAN, PWD",,,Persons with Disabilities (PwDs) establishing self-employment units,,,,,,,,All States and Union Territories of India,All States and Union Territories of India,All Districts,All Districts,MICRO_ENTERPRISE,Cross-Sectoral / Multiple Eligible Activities,Cross-Sectoral / Multiple Eligible Activities,ANY_STAGE,New or Existing Enterprise as per Guidelines,New or Existing Enterprise as per Guidelines,New or Existing Enterprise as per Guidelines,New or Existing Enterprise as per Guidelines,As per statutory guidelines,As per statutory guidelines,As specified in scheme eligibility criteria,As specified in scheme eligibility criteria,TERM_LOAN,"Financial assistance of ₹50,000 per hectare for organic farming cluster formation and PGS certification.",NO,,,,,,,,,YES,50.0,,YES,,,,NOT_APPLICABLE,,,,,,,As per official lending norms,As per official lending norms,Available where specified under scheme guidelines,Available where specified under scheme guidelines,Available where specified under scheme guidelines,Available where specified under scheme guidelines,THROUGH_AUTHORIZED_AGENCY,https://agricoop.nic.in/,https://pmsuraj.dosje.gov.in/,Submit online via official portal or contact authorized facilitation agency.,"Statutory identity, address, and category documents as per guidelines.",National Government Service Helpline 1800-11-0001 / Official Scheme Portal,https://ndfdc.nic.in/self-employment-loan,"NDFDC Self Employment Loan Guidelines, DEPwD",https://ndfdc.nic.in/how-to-obtain-loan,1.0,1.0,2024-01-01,2024-01-01,,1.0,,A-to-Z Data Quality Audit & Provenance Verification against official GOI guidelines,2026-09-01,VERIFIED,ACTIVE,,,"NDFDC Self-Employment Loan, Ministry of Social Justice and Empowerment, GRANT_SUBSIDY",,SIH26092-032,
SIH26092-033,SIH26092-033,DAY-NULM SEP – Individual,Government Welfare Scheme,Bank loans up to ₹2 Lakh for individual urban poor entrepreneurs with interest subsidy over 7% p.a.,Bank loans up to ₹2 Lakh for individual urban poor entrepreneurs with interest subsidy over 7% p.a.,Assisting urban poor individuals to set up micro-enterprises with bank credit and interest subsidy.,Ministry of Housing and Urban Affairs,Ministry of Housing and Urban Affairs,Urban Local Bodies (ULBs) / State Urban Livelihoods Missions (SULMs),Urban Poor Individuals,"INDIVIDUAL, URBAN_POOR",Urban Poor Individuals,URBAN_POOR,,,Urban Poor Individuals,,,,,,,,All States and Union Territories of India,All States and Union Territories of India,All Districts,All Districts,URBAN_ENTERPRISE,Cross-Sectoral / Multiple Eligible Activities,Cross-Sectoral / Multiple Eligible Activities,NEW,New or Existing Enterprise as per Guidelines,New or Existing Enterprise as per Guidelines,New or Existing Enterprise as per Guidelines,New or Existing Enterprise as per Guidelines,As per statutory guidelines,As per statutory guidelines,As specified in scheme eligibility criteria,As specified in scheme eligibility criteria,INTEREST_SUBSIDY,"100% free comprehensive soil nutrient testing, advisory cards, and mini-soil testing lab assistance.",NO,,,,,,,,,YES,100.0,,YES,,,,NOT_APPLICABLE,,,,,,,As per official lending norms,As per official lending norms,Available where specified under scheme guidelines,Available where specified under scheme guidelines,Available where specified under scheme guidelines,Available where specified under scheme guidelines,THROUGH_AUTHORIZED_AGENCY,https://soilhealth.dac.gov.in/,https://nulm.gov.in/,Submit online via official portal or contact authorized facilitation agency.,"Statutory identity, address, and category documents as per guidelines.",National Government Service Helpline 1800-11-0001 / Official Scheme Portal,https://nulm.gov.in/SEP_Individual,"DAY-NULM Self Employment Programme (SEP-I), MoHUA",https://nulm.gov.in/PDF/NULM_Mission/SEP_Guidelines.pdf,1.0,1.0,2024-01-01,2024-01-01,,1.0,,A-to-Z Data Quality Audit & Provenance Verification against official GOI guidelines,2026-09-01,VERIFIED,ACTIVE,,,"DAY-NULM SEP – Individual, Ministry of Housing and Urban Affairs, GRANT_SUBSIDY",,SIH26092-033,
SIH26092-034,SIH26092-034,DAY-NULM SEP – Group,Government Welfare Scheme,Bank loans up to ₹10 Lakh for urban poor SHG group enterprises with interest subsidy over 7% p.a.,Bank loans up to ₹10 Lakh for urban poor SHG group enterprises with interest subsidy over 7% p.a.,Assisting groups/SHGs of urban poor to set up group micro-enterprises.,Ministry of Housing and Urban Affairs,Ministry of Housing and Urban Affairs,Urban Local Bodies / SULMs / Commercial Banks,Urban Self Help Groups (SHGs) and Micro-Enterprise Groups,"SHG, GROUP",Urban Self Help Groups (SHGs) and Micro-Enterprise Groups,"URBAN_POOR, SHG",,,Urban Self Help Groups (SHGs) and Micro-Enterprise Groups,,,,,,,,All States and Union Territories of India,All States and Union Territories of India,All Districts,All Districts,URBAN_ENTERPRISE,Cross-Sectoral / Multiple Eligible Activities,Cross-Sectoral / Multiple Eligible Activities,NEW,New or Existing Enterprise as per Guidelines,New or Existing Enterprise as per Guidelines,New or Existing Enterprise as per Guidelines,New or Existing Enterprise as per Guidelines,As per statutory guidelines,As per statutory guidelines,As specified in scheme eligibility criteria,As specified in scheme eligibility criteria,INTEREST_SUBSIDY,"One-time grant up to ₹75 Lakh to APMC mandis for infrastructure, weighing and assaying laboratory integration.",NO,,,,,,,,,NO,,,YES,,,,NOT_APPLICABLE,,,,,,,As per official lending norms,As per official lending norms,Available where specified under scheme guidelines,Available where specified under scheme guidelines,Available where specified under scheme guidelines,Available where specified under scheme guidelines,THROUGH_AUTHORIZED_AGENCY,https://enam.gov.in/,https://nulm.gov.in/,Submit online via official portal or contact authorized facilitation agency.,"Statutory identity, address, and category documents as per guidelines.",National Government Service Helpline 1800-11-0001 / Official Scheme Portal,https://nulm.gov.in/SEP_Group,"DAY-NULM Self Employment Programme (SEP-G), MoHUA",https://nulm.gov.in/PDF/Reg_Workshop_pdf/SEP_reg.pdf,1.0,1.0,2024-01-01,2024-01-01,,1.0,,A-to-Z Data Quality Audit & Provenance Verification against official GOI guidelines,2026-09-01,VERIFIED,ACTIVE,,,"DAY-NULM SEP – Group, Ministry of Housing and Urban Affairs, GRANT_SUBSIDY",,SIH26092-034,
SIH26092-035,SIH26092-035,DAY-NRLM Revolving Fund,Government Welfare Scheme,"Revolving fund grant of ₹20,000 to ₹30,000 per eligible rural women SHG for strengthening group corpus and micro-lending.","Revolving fund grant of ₹20,000 to ₹30,000 per eligible rural women SHG for strengthening group corpus and micro-lending.",Providing revolving fund to SHGs to strengthen their financial corpus and internal lending.,Ministry of Rural Development,Ministry of Rural Development,State Rural Livelihood Missions (SRLMs),Rural Women Self Help Groups (SHGs),SHG,Rural Women Self Help Groups (SHGs),"SHG, WOMEN, RURAL_POOR",,,Rural Women Self Help Groups (SHGs),FEMALE,,,,,,,All States and Union Territories of India,All States and Union Territories of India,All Districts,All Districts,RURAL_ENTERPRISE,Cross-Sectoral / Multiple Eligible Activities,Cross-Sectoral / Multiple Eligible Activities,ANY_STAGE,New or Existing Enterprise as per Guidelines,New or Existing Enterprise as per Guidelines,New or Existing Enterprise as per Guidelines,New or Existing Enterprise as per Guidelines,As per statutory guidelines,As per statutory guidelines,As specified in scheme eligibility criteria,As specified in scheme eligibility criteria,REVOLVING_FUND,Matching equity grant up to ₹15 Lakh per FPO and credit guarantee cover up to ₹2 Crore.,NO,,,,,,,,,NO,,,YES,30000.0,,,NOT_APPLICABLE,,,,,,,As per official lending norms,As per official lending norms,Available where specified under scheme guidelines,Available where specified under scheme guidelines,Available where specified under scheme guidelines,Available where specified under scheme guidelines,ONLINE,https://sfacindia.com/,https://nrlm.gov.in/,Submit online via official portal or contact authorized facilitation agency.,"Statutory identity, address, and category documents as per guidelines.",National Government Service Helpline 1800-11-0001 / Official Scheme Portal,https://nrlm.gov.in/revolving_fund,"DAY-NRLM Revolving Fund Guidelines, Ministry of Rural Development",https://nrlm.gov.in/,1.0,1.0,2024-01-01,2024-01-01,,1.0,,A-to-Z Data Quality Audit & Provenance Verification against official GOI guidelines,2026-09-01,VERIFIED,ACTIVE,,,"DAY-NRLM Revolving Fund, Ministry of Rural Development, GRANT_SUBSIDY",,SIH26092-035,
SIH26092-036,SIH26092-036,DAY-NRLM Community Investment Fund,Government Welfare Scheme,Community Investment Fund grant up to ₹2.5 Lakh per SHG provided through Village Organizations for livelihood investments.,Community Investment Fund grant up to ₹2.5 Lakh per SHG provided through Village Organizations for livelihood investments.,Community Investment Fund (CIF) support to Village Organizations for onwards lending to SHG members.,Ministry of Rural Development,Ministry of Rural Development,SRLMs / Village Organizations (VOs),Primary Federations / Village Organizations of Rural SHGs,"SHG_FEDERATION, VO",Primary Federations / Village Organizations of Rural SHGs,"SHG, RURAL_POOR",,,Primary Federations / Village Organizations of Rural SHGs,,,,,,,,All States and Union Territories of India,All States and Union Territories of India,All Districts,All Districts,RURAL_ENTERPRISE,Cross-Sectoral / Multiple Eligible Activities,Cross-Sectoral / Multiple Eligible Activities,ANY_STAGE,New or Existing Enterprise as per Guidelines,New or Existing Enterprise as per Guidelines,New or Existing Enterprise as per Guidelines,New or Existing Enterprise as per Guidelines,As per statutory guidelines,As per statutory guidelines,As specified in scheme eligibility criteria,As specified in scheme eligibility criteria,COMMUNITY_INVESTMENT_FUND,"35% to 50% capital subsidy (up to ₹10 Crore) for integrated cold chain, processing and preservation infrastructure.",NO,,,,,,,,,YES,50.0,,YES,250000.0,,,NOT_APPLICABLE,,,,,,,As per official lending norms,As per official lending norms,Available where specified under scheme guidelines,Available where specified under scheme guidelines,Available where specified under scheme guidelines,Available where specified under scheme guidelines,ONLINE,https://mofpi.gov.in/,https://nrlm.gov.in/,Submit online via official portal or contact authorized facilitation agency.,"Statutory identity, address, and category documents as per guidelines.",National Government Service Helpline 1800-11-0001 / Official Scheme Portal,https://nrlm.gov.in/community_investment_fund,"DAY-NRLM Community Investment Fund Guidelines, MoRD",https://svep.nrlm.gov.in/pdf/Final_Mid_Term_Report.pdf,1.0,1.0,2024-01-01,2024-01-01,,1.0,,A-to-Z Data Quality Audit & Provenance Verification against official GOI guidelines,2026-09-01,VERIFIED,ACTIVE,,,"DAY-NRLM Community Investment Fund, Ministry of Rural Development, GRANT_SUBSIDY",,SIH26092-036,
SIH26092-037,SIH26092-037,Agriculture Infrastructure Fund (AIF),Central Sector Interest Subvention Scheme,3% interest subvention p.a. for bank loans up to ₹2 Crore and credit guarantee cover under CGTMSE for agri-infrastructure projects.,3% interest subvention p.a. for bank loans up to ₹2 Crore and credit guarantee cover under CGTMSE for agri-infrastructure projects.,Financing post-harvest management infrastructure and community farming assets.,Ministry of Agriculture and Farmers Welfare,Ministry of Agriculture and Farmers Welfare,NABARD / Commercial Banks / Cooperative Banks,"Farmers, Agri-Entrepreneurs, FPOs, PACS, Agri-Startups","INDIVIDUAL, FPO, PACS, STARTUP, COOPERATIVE","Farmers, Agri-Entrepreneurs, FPOs, PACS, Agri-Startups","FARMER, FPO, AGRI_STARTUP",,,"Farmers, Agri-Entrepreneurs, FPOs, PACS, Agri-Startups",,,,,,,,All States and Union Territories of India,All States and Union Territories of India,All Districts,All Districts,AGRICULTURE,Cross-Sectoral / Multiple Eligible Activities,Cross-Sectoral / Multiple Eligible Activities,NEW,New or Existing Enterprise as per Guidelines,New or Existing Enterprise as per Guidelines,New or Existing Enterprise as per Guidelines,New or Existing Enterprise as per Guidelines,As per statutory guidelines,As per statutory guidelines,As specified in scheme eligibility criteria,As specified in scheme eligibility criteria,LOAN; SUBSIDY; GUARANTEE,Medium-long term debt financing facility up to ₹2 Crore with 3% interest subvention for post-harvest agri management.,YES,,,100000.0,200000000.0,100000.0,200000000.0,,,YES,3.0,"3% per annum interest subvention up to a loan limit of ₹2 Crore for a maximum tenure of 7 years, along with CGTMSE credit guarantee coverage",NO,,3.0,3.0,SUBSIDIZED_RATE,84,84,,6,24,,As per official lending norms,As per official lending norms,Available where specified under scheme guidelines,Available where specified under scheme guidelines,Available where specified under scheme guidelines,Available where specified under scheme guidelines,ONLINE,https://agriinfra.dac.gov.in/,https://agriinfra.dac.gov.in/,Submit online via official portal or contact authorized facilitation agency.,"Statutory identity, address, and category documents as per guidelines.",National Government Service Helpline 1800-11-0001 / Official Scheme Portal,https://agriinfra.dac.gov.in/,"Agriculture Infrastructure Fund (AIF) Guidelines, Ministry of Agriculture",https://agriinfra.dac.gov.in/,1.0,1.0,2024-01-01,2024-01-01,,1.0,,A-to-Z Data Quality Audit & Provenance Verification against official GOI guidelines,2026-09-01,VERIFIED,ACTIVE,,,"Agriculture Infrastructure Fund, Ministry of Agriculture and Farmers Welfare, LOAN_CREDIT",,SIH26092-037,
SIH26092-038,SIH26092-038,Kisan Credit Card – Fisheries Working Capital,Government Welfare Scheme,Concessional working capital loans up to ₹2 Lakh under Kisan Credit Card (KCC) with 2% interest subvention and 3% prompt repayment incentive.,Concessional working capital loans up to ₹2 Lakh under Kisan Credit Card (KCC) with 2% interest subvention and 3% prompt repayment incentive.,"Meeting working capital requirements of fishers and fish farmers for feed, seed, fuel, and maintenance.","Ministry of Fisheries, Animal Husbandry and Dairying","Ministry of Fisheries, Animal Husbandry and Dairying","Commercial Banks, RRBs, Cooperative Banks","Fishers, Fish Farmers, SHGs, JLGs, Cooperatives","INDIVIDUAL, SHG, JLG, COOPERATIVE","Fishers, Fish Farmers, SHGs, JLGs, Cooperatives","FISH_FARMER, FISHERMAN",,,"Fishers, Fish Farmers, SHGs, JLGs, Cooperatives",,,,,,,,All States and Union Territories of India,All States and Union Territories of India,All Districts,All Districts,FISHERIES,Cross-Sectoral / Multiple Eligible Activities,Cross-Sectoral / Multiple Eligible Activities,EXISTING,New or Existing Enterprise as per Guidelines,New or Existing Enterprise as per Guidelines,New or Existing Enterprise as per Guidelines,New or Existing Enterprise as per Guidelines,As per statutory guidelines,As per statutory guidelines,As specified in scheme eligibility criteria,As specified in scheme eligibility criteria,WORKING_CAPITAL,36% (General) / 44% (Women/SC/ST) back-ended composite subsidy with bank loan for agri-clinics/agri-business ventures.,YES,,,,200000.0,,200000.0,,,YES,44.0,,NO,,4.0,7.0,DETERMINED_BY_BANK,36,60,,0,6,,As per official lending norms,As per official lending norms,Available where specified under scheme guidelines,Available where specified under scheme guidelines,Available where specified under scheme guidelines,Available where specified under scheme guidelines,THROUGH_AUTHORIZED_AGENCY,https://www.agriclinics.net/,https://financialservices.gov.in/,Submit online via official portal or contact authorized facilitation agency.,"Statutory identity, address, and category documents as per guidelines.",National Government Service Helpline 1800-11-0001 / Official Scheme Portal,https://dof.gov.in/kcc-fisheries,"KCC for Animal Husbandry and Fisheries Guidelines, DFS & DoF",https://dof.gov.in/schemes/kisan-credit-card,1.0,1.0,2024-01-01,2024-01-01,,1.0,,A-to-Z Data Quality Audit & Provenance Verification against official GOI guidelines,2026-09-01,VERIFIED,ACTIVE,,,"Kisan Credit Card – Fisheries Working Capital, Ministry of Fisheries, Animal Husbandry and Dairying, LOAN_CREDIT",,SIH26092-038,
SIH26092-039,SIH26092-039,PMKSY – Integrated Cold Chain,Central Sector Scheme,Capital grant up to ₹10 Crore (35% to 50% of storage/processing equipment cost) for integrated cold chain infrastructure.,Capital grant up to ₹10 Crore (35% to 50% of storage/processing equipment cost) for integrated cold chain infrastructure.,Establishing integrated cold chain and preservation infrastructure from farm gate to consumer.,Ministry of Food Processing Industries,Ministry of Food Processing Industries,MoFPI / Banks / PMA,"Entrepreneurs, Food Processors, FPOs, Cooperatives","COMPANY, PARTNERSHIP, COOPERATIVE, FPO","Entrepreneurs, Food Processors, FPOs, Cooperatives","FOOD_PROCESSOR, FPO",,,"Entrepreneurs, Food Processors, FPOs, Cooperatives",,,,,,,,All States and Union Territories of India,All States and Union Territories of India,All Districts,All Districts,FOOD_PROCESSING,Cross-Sectoral / Multiple Eligible Activities,Cross-Sectoral / Multiple Eligible Activities,NEW,New or Existing Enterprise as per Guidelines,New or Existing Enterprise as per Guidelines,New or Existing Enterprise as per Guidelines,New or Existing Enterprise as per Guidelines,As per statutory guidelines,As per statutory guidelines,As specified in scheme eligibility criteria,As specified in scheme eligibility criteria,CAPITAL_GRANT,25% to 33.33% back-ended capital subsidy with bank term loan for rural godowns and agricultural marketing infrastructure.,YES,,200000000.0,,100000000.0,,100000000.0,,,YES,,,NO,,,,DETERMINED_BY_BANK,36,84,,6,12,,As per official lending norms,As per official lending norms,Available where specified under scheme guidelines,Available where specified under scheme guidelines,Available where specified under scheme guidelines,Available where specified under scheme guidelines,THROUGH_BANK,https://www.nabard.org/,https://www.sampada-mofpi.gov.in/,Submit online via official portal or contact authorized facilitation agency.,"Statutory identity, address, and category documents as per guidelines.",National Government Service Helpline 1800-11-0001 / Official Scheme Portal,https://mofpi.gov.in/schemes/pradhan-mantri-kisan-sampada-yojana,"PM Kisan SAMPADA Yojana - Cold Chain Guidelines, MoFPI",https://www.mofpi.gov.in/en/cold-chain,1.0,1.0,2024-01-01,2024-01-01,,1.0,,A-to-Z Data Quality Audit & Provenance Verification against official GOI guidelines,2026-09-01,VERIFIED,ACTIVE,,,"PMKSY – Integrated Cold Chain, Ministry of Food Processing Industries, LOAN_CREDIT",,SIH26092-039,
SIH26092-040,SIH26092-040,PMKSY – Agro-Processing Cluster,Central Sector Scheme,Grant in aid up to ₹10 Crore (35% to 50% of eligible project cost) for developing common infrastructure in Agro-Processing Clusters.,Grant in aid up to ₹10 Crore (35% to 50% of eligible project cost) for developing common infrastructure in Agro-Processing Clusters.,Creating modern infrastructure clusters for agro-processing units.,Ministry of Food Processing Industries,Ministry of Food Processing Industries,MoFPI / Project Management Agencies,"Agro-processors, Promoters, FPOs, Cooperatives","PROMOTER, COMPANY, COOPERATIVE","Agro-processors, Promoters, FPOs, Cooperatives",FOOD_PROCESSOR,,,"Agro-processors, Promoters, FPOs, Cooperatives",,,,,,,,All States and Union Territories of India,All States and Union Territories of India,All Districts,All Districts,FOOD_PROCESSING,Cross-Sectoral / Multiple Eligible Activities,Cross-Sectoral / Multiple Eligible Activities,NEW,New or Existing Enterprise as per Guidelines,New or Existing Enterprise as per Guidelines,New or Existing Enterprise as per Guidelines,New or Existing Enterprise as per Guidelines,As per statutory guidelines,As per statutory guidelines,As specified in scheme eligibility criteria,As specified in scheme eligibility criteria,CAPITAL_GRANT,"50% to 75% capital subsidy on bamboo plantations, nurseries, processing units and value-added handicrafts.",NO,,200000000.0,,,,,,,YES,,,YES,,,,NOT_APPLICABLE,,,,,,,As per official lending norms,As per official lending norms,Available where specified under scheme guidelines,Available where specified under scheme guidelines,Available where specified under scheme guidelines,Available where specified under scheme guidelines,THROUGH_AUTHORIZED_AGENCY,https://nbm.nic.in/,https://www.sampada-mofpi.gov.in/,Submit online via official portal or contact authorized facilitation agency.,"Statutory identity, address, and category documents as per guidelines.",National Government Service Helpline 1800-11-0001 / Official Scheme Portal,https://mofpi.gov.in/schemes/pradhan-mantri-kisan-sampada-yojana,"PM Kisan SAMPADA Yojana - Agro Processing Clusters, MoFPI",https://mofpi.gov.in/en/Schemes/agro-processing-cluster/download-guidelines-2,1.0,1.0,2024-01-01,2024-01-01,,1.0,,A-to-Z Data Quality Audit & Provenance Verification against official GOI guidelines,2026-09-01,VERIFIED,ACTIVE,,,"PMKSY – Agro-Processing Cluster, Ministry of Food Processing Industries, GRANT_SUBSIDY",,SIH26092-040,
SIH26092-041,SIH26092-041,Coir Udyami Yojana,Government Welfare Scheme,40% capital subsidy for coir units with project cost up to ₹10 Lakh with bank loan financing.,40% capital subsidy for coir units with project cost up to ₹10 Lakh with bank loan financing.,Establishment of coir processing micro-units for sustainable livelihood.,"Ministry of Micro, Small and Medium Enterprises","Ministry of Micro, Small and Medium Enterprises",Coir Board / State DICs,Coir Artisans and Entrepreneurs setting up coir units,"INDIVIDUAL, COIR_UNIT",Coir Artisans and Entrepreneurs setting up coir units,"COIR_ARTISAN, ARTISAN",,,Coir Artisans and Entrepreneurs setting up coir units,,,,,,,,All States and Union Territories of India,All States and Union Territories of India,All Districts,All Districts,COIR_INDUSTRY,Cross-Sectoral / Multiple Eligible Activities,Cross-Sectoral / Multiple Eligible Activities,NEW,New or Existing Enterprise as per Guidelines,New or Existing Enterprise as per Guidelines,New or Existing Enterprise as per Guidelines,New or Existing Enterprise as per Guidelines,As per statutory guidelines,As per statutory guidelines,As specified in scheme eligibility criteria,As specified in scheme eligibility criteria,CREDIT_LINKED_SUBSIDY,"Direct subsidy up to 50% for bee colonies, scientific hives, honey extraction equipment and processing clusters.",NO,,1000000.0,,,,,,,YES,40.0,,YES,,,,NOT_APPLICABLE,,,,,,,As per official lending norms,As per official lending norms,Available where specified under scheme guidelines,Available where specified under scheme guidelines,Available where specified under scheme guidelines,Available where specified under scheme guidelines,THROUGH_AUTHORIZED_AGENCY,https://nbb.gov.in/,https://coirboard.gov.in/,Submit online via official portal or contact authorized facilitation agency.,"Statutory identity, address, and category documents as per guidelines.",National Government Service Helpline 1800-11-0001 / Official Scheme Portal,https://coirboard.gov.in/?page_id=221,"Coir Udyami Yojana Guidelines, Coir Board & Ministry of MSME",http://coirboard.gov.in/wp-content/uploads/2015/06/OperationalGuidelines_CUY.pdf,1.0,1.0,2024-01-01,2024-01-01,,1.0,,A-to-Z Data Quality Audit & Provenance Verification against official GOI guidelines,2026-09-01,VERIFIED,ACTIVE,,,"Coir Udyami Yojana, Ministry of Micro, Small and Medium Enterprises, GRANT_SUBSIDY",,SIH26092-041,
SIH26092-042,SIH26092-042,Mahila Coir Yojana,Government Welfare Scheme,75% subsidy on cost of motorized coir spinning ratts / equipment following 2-month skill training for women artisans.,75% subsidy on cost of motorized coir spinning ratts / equipment following 2-month skill training for women artisans.,Providing motorized ratts / coir processing machinery to trained women artisans at 75% subsidy.,"Ministry of Micro, Small and Medium Enterprises","Ministry of Micro, Small and Medium Enterprises",Coir Board / Coir Training Centres,Rural Women Artisans in coir spinning regions,"INDIVIDUAL, FEMALE",Rural Women Artisans in coir spinning regions,"WOMEN, COIR_ARTISAN",,,Rural Women Artisans in coir spinning regions,FEMALE,,,,,,,All States and Union Territories of India,All States and Union Territories of India,All Districts,All Districts,COIR_INDUSTRY,Cross-Sectoral / Multiple Eligible Activities,Cross-Sectoral / Multiple Eligible Activities,SELF_EMPLOYMENT,New or Existing Enterprise as per Guidelines,New or Existing Enterprise as per Guidelines,New or Existing Enterprise as per Guidelines,New or Existing Enterprise as per Guidelines,As per statutory guidelines,As per statutory guidelines,As specified in scheme eligibility criteria,As specified in scheme eligibility criteria,SUBSIDY,Funding support up to ₹25 Lakh for agri-startups and infrastructure grants under state agriculture plans.,NO,,,,,,,,,YES,75.0,,YES,,,,NOT_APPLICABLE,,,,,,,As per official lending norms,As per official lending norms,Available where specified under scheme guidelines,Available where specified under scheme guidelines,Available where specified under scheme guidelines,Available where specified under scheme guidelines,THROUGH_AUTHORIZED_AGENCY,https://rkvy.nic.in/,https://coirboard.gov.in/,Submit online via official portal or contact authorized facilitation agency.,"Statutory identity, address, and category documents as per guidelines.",National Government Service Helpline 1800-11-0001 / Official Scheme Portal,https://coirboard.gov.in/?page_id=223,"Mahila Coir Yojana Guidelines, Coir Board & Ministry of MSME",http://coirboard.gov.in/wp-content/uploads/2015/11/Financial-Assistance-Schemes.pdf,1.0,1.0,2024-01-01,2024-01-01,,1.0,,A-to-Z Data Quality Audit & Provenance Verification against official GOI guidelines,2026-09-01,VERIFIED,ACTIVE,,,"Mahila Coir Yojana, Ministry of Micro, Small and Medium Enterprises, GRANT_SUBSIDY",,SIH26092-042,
SIH26092-043,SIH26092-043,TREAD for Women,Government Welfare Scheme,Government grant up to 30% of total project cost for NGOs/institutions supporting women micro-enterprises and credit linkages.,Government grant up to 30% of total project cost for NGOs/institutions supporting women micro-enterprises and credit linkages.,Trade Related Entrepreneurship Assistance and Development for Women.,"Ministry of Micro, Small and Medium Enterprises","Ministry of Micro, Small and Medium Enterprises",Nodal Banks / Financial Institutions / NGOs,Women Entrepreneurs and Women Self Help Groups,"FEMALE, SHG, NGO",Women Entrepreneurs and Women Self Help Groups,"WOMEN, SHG",,,Women Entrepreneurs and Women Self Help Groups,FEMALE,,,,,,,All States and Union Territories of India,All States and Union Territories of India,All Districts,All Districts,MICRO_ENTERPRISE,Cross-Sectoral / Multiple Eligible Activities,Cross-Sectoral / Multiple Eligible Activities,ANY_STAGE,New or Existing Enterprise as per Guidelines,New or Existing Enterprise as per Guidelines,New or Existing Enterprise as per Guidelines,New or Existing Enterprise as per Guidelines,As per statutory guidelines,As per statutory guidelines,As specified in scheme eligibility criteria,As specified in scheme eligibility criteria,GRANT,"50% to 60% subsidy on certified foundation seeds, seed processing infrastructure and seed bank creation.",NO,,,,,,,,,YES,30.0,,YES,,,,NOT_APPLICABLE,,,,,,,As per official lending norms,As per official lending norms,Available where specified under scheme guidelines,Available where specified under scheme guidelines,Available where specified under scheme guidelines,Available where specified under scheme guidelines,THROUGH_AUTHORIZED_AGENCY,https://seednet.gov.in/,https://msme.gov.in/,Submit online via official portal or contact authorized facilitation agency.,"Statutory identity, address, and category documents as per guidelines.",National Government Service Helpline 1800-11-0001 / Official Scheme Portal,https://msme.gov.in/programmes-schemes/trade-related-entrepreneurship-assistance-and-development-tread-scheme-women,"TREAD Scheme for Women Guidelines, Ministry of MSME",https://msme.gov.in/schemes/entrepreneurship-and-skill-development-programs,1.0,1.0,2024-01-01,2024-01-01,,1.0,,A-to-Z Data Quality Audit & Provenance Verification against official GOI guidelines,2026-09-01,VERIFIED,ACTIVE,,,"TREAD for Women, Ministry of Micro, Small and Medium Enterprises, GRANT_SUBSIDY",,SIH26092-043,
SIH26092-044,SIH26092-044,Procurement and Marketing Support Scheme,Government Welfare Scheme,"Financial reimbursement for trade fair stall charges, space rent, and marketing development for MSEs.","Financial reimbursement for trade fair stall charges, space rent, and marketing development for MSEs.","Promoting marketing capability, trade fair participation, and GeM onboarding for MSEs.","Ministry of Micro, Small and Medium Enterprises","Ministry of Micro, Small and Medium Enterprises",MSME-DFOs / NSIC,Micro and Small Enterprises (MSEs),"MICRO_ENTERPRISE, SMALL_ENTERPRISE",Micro and Small Enterprises (MSEs),MSE,,,Micro and Small Enterprises (MSEs),,,,,,,,All States and Union Territories of India,All States and Union Territories of India,All Districts,All Districts,MSME,Cross-Sectoral / Multiple Eligible Activities,Cross-Sectoral / Multiple Eligible Activities,EXISTING,New or Existing Enterprise as per Guidelines,New or Existing Enterprise as per Guidelines,New or Existing Enterprise as per Guidelines,New or Existing Enterprise as per Guidelines,As per statutory guidelines,As per statutory guidelines,As specified in scheme eligibility criteria,As specified in scheme eligibility criteria,MARKET_LINKAGE,"Financial assistance for farmer training, technology demonstrations, Kisan Call Center and farm mechanization.",NO,,,,,,,,,YES,50.0,,YES,,,,NOT_APPLICABLE,,,,,,,As per official lending norms,As per official lending norms,Available where specified under scheme guidelines,Available where specified under scheme guidelines,Available where specified under scheme guidelines,Available where specified under scheme guidelines,THROUGH_AUTHORIZED_AGENCY,https://nmaet.gov.in/,https://msme.gov.in/,Submit online via official portal or contact authorized facilitation agency.,"Statutory identity, address, and category documents as per guidelines.",National Government Service Helpline 1800-11-0001 / Official Scheme Portal,https://msme.gov.in/programmes-schemes/procurement-and-marketing-support-pms-scheme,"Procurement and Marketing Support Scheme, Ministry of MSME",https://my.msme.gov.in/MyMsme/COM_Matu.aspx,1.0,1.0,2024-01-01,2024-01-01,,1.0,,A-to-Z Data Quality Audit & Provenance Verification against official GOI guidelines,2026-09-01,VERIFIED,ACTIVE,,,"Procurement and Marketing Support Scheme, Ministry of Micro, Small and Medium Enterprises, GRANT_SUBSIDY",,SIH26092-044,
SIH26092-045,SIH26092-045,NSIC Raw Material Assistance,Government Welfare Scheme,"Financial assistance for bulk raw material procurement (steel, aluminum, copper, polymer) against bank guarantee.","Financial assistance for bulk raw material procurement (steel, aluminum, copper, polymer) against bank guarantee.",Procurement of raw materials with financial assistance against bank guarantee.,"Ministry of Micro, Small and Medium Enterprises","Ministry of Micro, Small and Medium Enterprises",National Small Industries Corporation (NSIC),"Manufacturing Micro, Small and Medium Enterprises",MANUFACTURING_MSME,"Manufacturing Micro, Small and Medium Enterprises",MSME,,,"Manufacturing Micro, Small and Medium Enterprises",,,,,,,,All States and Union Territories of India,All States and Union Territories of India,All Districts,All Districts,MANUFACTURING,Cross-Sectoral / Multiple Eligible Activities,Cross-Sectoral / Multiple Eligible Activities,EXISTING,New or Existing Enterprise as per Guidelines,New or Existing Enterprise as per Guidelines,New or Existing Enterprise as per Guidelines,New or Existing Enterprise as per Guidelines,As per statutory guidelines,As per statutory guidelines,As specified in scheme eligibility criteria,As specified in scheme eligibility criteria,RAW_MATERIAL_ASSISTANCE,"Subsidy assistance for soil health management, rainfed area development and integrated farming models.",NO,,,,,,,,,YES,50.0,,YES,,,,NOT_APPLICABLE,,,,,,,As per official lending norms,As per official lending norms,Available where specified under scheme guidelines,Available where specified under scheme guidelines,Available where specified under scheme guidelines,Available where specified under scheme guidelines,THROUGH_AUTHORIZED_AGENCY,https://nmsa.dac.gov.in/,https://www.nsic.co.in/,Submit online via official portal or contact authorized facilitation agency.,"Statutory identity, address, and category documents as per guidelines.",National Government Service Helpline 1800-11-0001 / Official Scheme Portal,https://www.nsic.co.in/Schemes/Raw-Material-Assistance.aspx,NSIC Raw Material Assistance Scheme Guidelines,https://www.nsic.co.in/documents/pdfs/RMA/FAQ-RMA-SCHEME-18082025.pdf,1.0,1.0,2024-01-01,2024-01-01,,1.0,,A-to-Z Data Quality Audit & Provenance Verification against official GOI guidelines,2026-09-01,VERIFIED,ACTIVE,,,"NSIC Raw Material Assistance, Ministry of Micro, Small and Medium Enterprises, GRANT_SUBSIDY",,SIH26092-045,
SIH26092-046,SIH26092-046,MSME Innovative – Incubation,Government Welfare Scheme,Grant up to ₹15 Lakh per idea for prototype development and incubation support through Host Institutes.,Grant up to ₹15 Lakh per idea for prototype development and incubation support through Host Institutes.,Financial support for incubation and developing innovative prototypes into commercial products.,"Ministry of Micro, Small and Medium Enterprises","Ministry of Micro, Small and Medium Enterprises","MSME-DFOs / Host Institutes (IITs, NITs, Colleges)","Innovators, MSMEs, Students with novel technical ideas","INDIVIDUAL, MSME, STUDENT","Innovators, MSMEs, Students with novel technical ideas","INNOVATOR, STUDENT, MSME",,,"Innovators, MSMEs, Students with novel technical ideas",,,,,,,,All States and Union Territories of India,All States and Union Territories of India,All Districts,All Districts,INNOVATION,Cross-Sectoral / Multiple Eligible Activities,Cross-Sectoral / Multiple Eligible Activities,NEW,New or Existing Enterprise as per Guidelines,New or Existing Enterprise as per Guidelines,New or Existing Enterprise as per Guidelines,New or Existing Enterprise as per Guidelines,As per statutory guidelines,As per statutory guidelines,As specified in scheme eligibility criteria,As specified in scheme eligibility criteria,GRANT,"Subsidies for quality seed distribution, intercropping, micro-irrigation and processing machinery for oil palm/oilseeds.",NO,,,,,,,,,YES,50.0,,YES,1500000.0,,,NOT_APPLICABLE,,,,,,,As per official lending norms,As per official lending norms,Available where specified under scheme guidelines,Available where specified under scheme guidelines,Available where specified under scheme guidelines,Available where specified under scheme guidelines,THROUGH_AUTHORIZED_AGENCY,https://nmoop.gov.in/,https://innovative.msme.gov.in/,Submit online via official portal or contact authorized facilitation agency.,"Statutory identity, address, and category documents as per guidelines.",National Government Service Helpline 1800-11-0001 / Official Scheme Portal,https://innovative.msme.gov.in/Incubation,"MSME Innovative - Incubation Scheme Guidelines, Ministry of MSME",https://innovative.msme.gov.in/Documents/FinalGuidelines_MSME_Innovative.pdf,1.0,1.0,2024-01-01,2024-01-01,,1.0,,A-to-Z Data Quality Audit & Provenance Verification against official GOI guidelines,2026-09-01,VERIFIED,ACTIVE,,,"MSME Innovative – Incubation, Ministry of Micro, Small and Medium Enterprises, GRANT_SUBSIDY",,SIH26092-046,
SIH26092-047,SIH26092-047,MSME Innovative – Design,Government Welfare Scheme,75% grant assistance up to ₹40 Lakh for micro/small/medium enterprises for professional design project consultancy.,75% grant assistance up to ₹40 Lakh for micro/small/medium enterprises for professional design project consultancy.,Financial assistance for engaging expert design consultants and student design projects.,"Ministry of Micro, Small and Medium Enterprises","Ministry of Micro, Small and Medium Enterprises","IISc Bangalore, IITs, NIDs / MSME-DFOs",Manufacturing MSMEs seeking professional design expertise,MSME,Manufacturing MSMEs seeking professional design expertise,MSME,,,Manufacturing MSMEs seeking professional design expertise,,,,,,,,All States and Union Territories of India,All States and Union Territories of India,All Districts,All Districts,DESIGN_INNOVATION,Cross-Sectoral / Multiple Eligible Activities,Cross-Sectoral / Multiple Eligible Activities,EXISTING,New or Existing Enterprise as per Guidelines,New or Existing Enterprise as per Guidelines,New or Existing Enterprise as per Guidelines,New or Existing Enterprise as per Guidelines,As per statutory guidelines,As per statutory guidelines,As specified in scheme eligibility criteria,As specified in scheme eligibility criteria,GRANT,"Direct input subsidies on high-yielding variety seeds, bio-fertilizers, plant protection chemicals and farm implements.",NO,,,,,,,,,YES,75.0,,YES,4000000.0,,,NOT_APPLICABLE,,,,,,,As per official lending norms,As per official lending norms,Available where specified under scheme guidelines,Available where specified under scheme guidelines,Available where specified under scheme guidelines,Available where specified under scheme guidelines,THROUGH_AUTHORIZED_AGENCY,https://nfsm.gov.in/,https://innovative.msme.gov.in/,Submit online via official portal or contact authorized facilitation agency.,"Statutory identity, address, and category documents as per guidelines.",National Government Service Helpline 1800-11-0001 / Official Scheme Portal,https://innovative.msme.gov.in/Design,"MSME Innovative - Design Scheme Guidelines, Ministry of MSME",https://innovative.msme.gov.in/Documents/MSME_InnovativeFAQ.pdf,1.0,1.0,2024-01-01,2024-01-01,,1.0,,A-to-Z Data Quality Audit & Provenance Verification against official GOI guidelines,2026-09-01,VERIFIED,ACTIVE,,,"MSME Innovative – Design, Ministry of Micro, Small and Medium Enterprises, GRANT_SUBSIDY",,SIH26092-047,
SIH26092-048,SIH26092-048,MSME Innovative – IPR Facilitation,Government Welfare Scheme,"Reimbursement up to ₹5 Lakh for foreign patents, ₹1 Lakh for Indian patents, and ₹10,000 for trademark registration.","Reimbursement up to ₹5 Lakh for foreign patents, ₹1 Lakh for Indian patents, and ₹10,000 for trademark registration.","Reimbursement of expenses incurred in registration of Patents, Trademarks, GI, and Industrial Designs.","Ministry of Micro, Small and Medium Enterprises","Ministry of Micro, Small and Medium Enterprises",IPR Facilitation Centres / MSME-DFOs,"MSMEs and Innovators seeking Patent, Trademark, and GI registration","MSME, INNOVATOR","MSMEs and Innovators seeking Patent, Trademark, and GI registration","MSME, INNOVATOR",,,"MSMEs and Innovators seeking Patent, Trademark, and GI registration",,,,,,,,All States and Union Territories of India,All States and Union Territories of India,All Districts,All Districts,INTELLECTUAL_PROPERTY,Cross-Sectoral / Multiple Eligible Activities,Cross-Sectoral / Multiple Eligible Activities,ANY_STAGE,New or Existing Enterprise as per Guidelines,New or Existing Enterprise as per Guidelines,New or Existing Enterprise as per Guidelines,New or Existing Enterprise as per Guidelines,As per statutory guidelines,As per statutory guidelines,As specified in scheme eligibility criteria,As specified in scheme eligibility criteria,REIMBURSEMENT,70% to 80% government grant (up to ₹30 Crore) for Common Facility Centers and Infrastructure Development in MSE clusters.,NO,,,,,,,,,YES,80.0,,YES,,,,NOT_APPLICABLE,,,,,,,As per official lending norms,As per official lending norms,Available where specified under scheme guidelines,Available where specified under scheme guidelines,Available where specified under scheme guidelines,Available where specified under scheme guidelines,ONLINE,https://my.msme.gov.in/,https://innovative.msme.gov.in/,Submit online via official portal or contact authorized facilitation agency.,"Statutory identity, address, and category documents as per guidelines.",National Government Service Helpline 1800-11-0001 / Official Scheme Portal,https://innovative.msme.gov.in/IPR,"MSME Innovative - Intellectual Property Rights (IPR), Ministry of MSME",https://innovative.msme.gov.in/Home/AboutIpr,1.0,1.0,2024-01-01,2024-01-01,,1.0,,A-to-Z Data Quality Audit & Provenance Verification against official GOI guidelines,2026-09-01,VERIFIED,ACTIVE,,,"MSME Innovative – IPR Facilitation, Ministry of Micro, Small and Medium Enterprises, GRANT_SUBSIDY",,SIH26092-048,
SIH26092-049,SIH26092-049,"MSME Innovative (Incubation, Design and IPR) Scheme",Innovation & Intellectual Property Support Scheme,"80% subsidy for Micro, 60% for Small, and 50% for Medium Enterprises on ZED certification assessment fee.","80% subsidy for Micro, 60% for Small, and 50% for Medium Enterprises on ZED certification assessment fee.",Zero Defect Zero Effect (ZED) certification and subsidy on assessment cost.,"Ministry of Micro, Small and Medium Enterprises","Ministry of Micro, Small and Medium Enterprises",Quality Council of India (QCI) / MSME-DFOs,"Udyam-registered Manufacturing Micro, Small, and Medium Enterprises",MANUFACTURING_MSME,"Udyam-registered Manufacturing Micro, Small, and Medium Enterprises",MSME,,,"Udyam-registered Manufacturing Micro, Small, and Medium Enterprises",,,,,,,,All States and Union Territories of India,All States and Union Territories of India,All Districts,All Districts,MANUFACTURING,Cross-Sectoral / Multiple Eligible Activities,Cross-Sectoral / Multiple Eligible Activities,EXISTING,New or Existing Enterprise as per Guidelines,New or Existing Enterprise as per Guidelines,New or Existing Enterprise as per Guidelines,New or Existing Enterprise as per Guidelines,As per statutory guidelines,As per statutory guidelines,As specified in scheme eligibility criteria,As specified in scheme eligibility criteria,GRANT; SUBSIDY,"80% (Micro), 60% (Small), 50% (Medium) government subsidy on certification and handholding assessment costs.",NO,,,,,,,,,YES,100.0,"Financial grant up to ₹15 Lakh for incubation idea nurturing, ₹40 Lakh for design expertise, and reimbursement up to ₹5 Lakh for patent/IPR registration",YES,,,,NOT_APPLICABLE,,,,,,,As per official lending norms,As per official lending norms,Available where specified under scheme guidelines,Available where specified under scheme guidelines,Available where specified under scheme guidelines,Available where specified under scheme guidelines,ONLINE,https://zed.msme.gov.in/,https://zed.msme.gov.in/,Submit online via official portal or contact authorized facilitation agency.,"Statutory identity, address, and category documents as per guidelines.",National Government Service Helpline 1800-11-0001 / Official Scheme Portal,https://zed.msme.gov.in/,"MSME Sustainable (ZED) Certification Scheme Guidelines, Ministry of MSME",https://zed.msme.gov.in/subsidy-on-cost-of-certification,1.0,1.0,2024-01-01,2024-01-01,,1.0,,A-to-Z Data Quality Audit & Provenance Verification against official GOI guidelines,2026-09-01,VERIFIED,ACTIVE,,,"MSME Sustainable ZED, Ministry of Micro, Small and Medium Enterprises, GRANT_SUBSIDY",,SIH26092-049,
SIH26092-050,SIH26092-050,Micro & Small Enterprises Cluster Development Programme (MSE-CDP),Industrial Infrastructure & Common Facility Centre Scheme,Grant support up to ₹30 Crore (up to 80% project cost) for setting up Common Facility Centres (CFCs) and Industrial Infrastructure.,Grant support up to ₹30 Crore (up to 80% project cost) for setting up Common Facility Centres (CFCs) and Industrial Infrastructure.,Enhancing productivity and competitiveness of Micro and Small Enterprises through infrastructure and CFCs.,"Ministry of Micro, Small and Medium Enterprises","Ministry of Micro, Small and Medium Enterprises",State Governments / MSME-DFOs / Cluster Associations,MSE Industrial Clusters and Special Purpose Vehicles (SPVs),"SPV, ASSOCIATION, STATE_AGENCY",MSE Industrial Clusters and Special Purpose Vehicles (SPVs),MSE_CLUSTER,,,MSE Industrial Clusters and Special Purpose Vehicles (SPVs),,,,,,,,All States and Union Territories of India,All States and Union Territories of India,All Districts,All Districts,INDUSTRIAL_CLUSTER,Cross-Sectoral / Multiple Eligible Activities,Cross-Sectoral / Multiple Eligible Activities,ANY_STAGE,New or Existing Enterprise as per Guidelines,New or Existing Enterprise as per Guidelines,New or Existing Enterprise as per Guidelines,New or Existing Enterprise as per Guidelines,As per statutory guidelines,As per statutory guidelines,As specified in scheme eligibility criteria,As specified in scheme eligibility criteria,GRANT,"100% free paperless permanent statutory registration certificate enabling priority lending, subsidies and public procurement protection.",NO,,300000000.0,,,,,,,YES,80.0,Grant of up to 70-80% of project cost (max ₹30 Crore for Common Facility Centres and ₹15 Crore for Infrastructure Development),NO,,,,NOT_APPLICABLE,,,,,,,As per official lending norms,As per official lending norms,Available where specified under scheme guidelines,Available where specified under scheme guidelines,Available where specified under scheme guidelines,Available where specified under scheme guidelines,THROUGH_AUTHORIZED_AGENCY,https://udyamregistration.gov.in/,https://lean.msme.gov.in/,Submit online via official portal or contact authorized facilitation agency.,"Statutory identity, address, and category documents as per guidelines.",National Government Service Helpline 1800-11-0001 / Official Scheme Portal,https://lean.msme.gov.in/,"MSME Competitive (Lean) Scheme Guidelines, Ministry of MSME",https://www.dcmsme.gov.in/ebook/MSME%20booklet_English_7_Nov.pdf,1.0,1.0,2024-01-01,2024-01-01,,1.0,,A-to-Z Data Quality Audit & Provenance Verification against official GOI guidelines,2026-09-01,VERIFIED,ACTIVE,,,"MSE-CDP, Ministry of Micro, Small and Medium Enterprises, GRANT_SUBSIDY",,SIH26092-050,
SIH26092-051,SIH26092-051,Credit Guarantee Scheme for Micro and Small Enterprises (CGTMSE),Credit Guarantee Scheme,Collateral-free credit guarantee cover up to ₹5 Crore (up to 85% guarantee coverage) for bank loans extended to MSEs.,Collateral-free credit guarantee cover up to ₹5 Crore (up to 85% guarantee coverage) for bank loans extended to MSEs.,Providing collateral-free credit guarantee cover up to ₹5 Crore to lenders for loans given to MSEs.,"Ministry of Micro, Small and Medium Enterprises","Ministry of Micro, Small and Medium Enterprises",Credit Guarantee Fund Trust for Micro and Small Enterprises (CGTMSE) / Banks,New and Existing Micro and Small Enterprises,"MICRO_ENTERPRISE, SMALL_ENTERPRISE",New and Existing Micro and Small Enterprises,MSE,,,New and Existing Micro and Small Enterprises,,,,,,,,All States and Union Territories of India,All States and Union Territories of India,All Districts,All Districts,MSME,Cross-Sectoral / Multiple Eligible Activities,Cross-Sectoral / Multiple Eligible Activities,ANY_STAGE,New or Existing Enterprise as per Guidelines,New or Existing Enterprise as per Guidelines,New or Existing Enterprise as per Guidelines,New or Existing Enterprise as per Guidelines,As per statutory guidelines,As per statutory guidelines,As specified in scheme eligibility criteria,As specified in scheme eligibility criteria,GUARANTEE,Credit guarantee coverage up to 85% for micro and small enterprise loans without third-party collateral.,NO,,,,,,,,,NO,,Provides collateral-free credit guarantee up to ₹5 Crore for MSME loans sanctioned by member financial institutions,NO,,,,NOT_APPLICABLE,,,,,,,FALSE,As per official lending norms,Available where specified under scheme guidelines,Available where specified under scheme guidelines,Available where specified under scheme guidelines,Available where specified under scheme guidelines,THROUGH_BANK,https://www.cgtmse.in/,https://www.cgtmse.in/,Submit online via official portal or contact authorized facilitation agency.,"Statutory identity, address, and category documents as per guidelines.",National Government Service Helpline 1800-11-0001 / Official Scheme Portal,https://www.cgtmse.in/,CGTMSE Credit Guarantee Scheme for Micro & Small Enterprises,https://ramp.msme.gov.in/ramp/pdf-documents/scheme-guidelines/CGTMSE_Scheme_Document_CGS_I_updated_as_on_Jan_01_2025.pdf,1.0,1.0,2024-01-01,2024-01-01,,1.0,,A-to-Z Data Quality Audit & Provenance Verification against official GOI guidelines,2026-09-01,VERIFIED,ACTIVE,,,"CGTMSE, Ministry of Micro, Small and Medium Enterprises, GUARANTEE_CREDIT_SUPPORT",,SIH26092-051,
SIH26092-052,SIH26092-052,NSFDC Micro Finance Scheme (MFS),Concessional Micro-Credit Scheme,Micro-finance loan up to ₹1.25 Lakh at 6.5% p.a. interest rate for Scheduled Caste beneficiaries for micro-units.,Small income-generating activities for SC beneficiaries,Direct financial assistance for small income-generating micro-activities for SC beneficiaries.,Ministry of Social Justice and Empowerment,Ministry of Social Justice and Empowerment,National Scheduled Castes Finance and Development Corporation (NSFDC) / SCAs,Scheduled Caste (SC) individuals and micro-entrepreneurs,"INDIVIDUAL, SC_BENEFICIARY",SC,SC,,TRUE,SC,ANY,ANY,,,500000,<=,ANNUAL_FAMILY_INCOME_ALL_SOURCES,ALL_INDIA,ALL_INDIA,NOT_APPLICABLE,NOT_APPLICABLE,MICRO_FINANCE,SMALL_MICRO_BUSINESS,Cross-Sectoral / Multiple Eligible Activities,NEW,New or Existing Enterprise as per Guidelines,TRUE,New or Existing Enterprise as per Guidelines,TRUE,As per statutory guidelines,As per statutory guidelines,FALSE,FALSE,LOAN,"National portal routing concessional credit lines (up to ₹50 Lakh) @ 4-6% p.a. for Safai Karamcharis, SCs, and OBCs.",YES,,140000.0,10000.0,125000.0,10000.0,125000.0,90.0,10,NO,,,NO,,6.0,6.0,CONCESSIONAL,36,36,QUARTERLY,,3,,As per official lending norms,As per official lending norms,FALSE,FALSE,FALSE,CONDITIONAL,THROUGH_AUTHORIZED_AGENCY,https://pmsuraj.dosje.gov.in/,https://pmsuraj.dosje.gov.in/,Apply online through PM-SURAJ or submit through authorised SCA/CA; NSFDC does not accept direct applications.,See scheme_documents.csv,1800110396,https://pmsuraj.dosje.gov.in/,"PM-SURAJ National Portal, Ministry of Social Justice and Empowerment",https://nsfdc.nic.in/index.php/scheme; https://nsfdc.nic.in/index.php/faqs,WEB,Named scheme section; NSFDC FAQ eligibility and application route,2024-01-01,2026-01-07,,CURRENT_WEB_PAGE,,A-to-Z Data Quality Audit & Provenance Verification against official GOI guidelines,2026-09-01,VERIFIED,ACTIVE,,,SC; NSFDC; MICRO_FINANCE,,SIH26092-052,
SIH26092-053,SIH26092-053,NSFDC Term Loan,Concessional Medium/Long-Term Credit Scheme,Term loan up to ₹45 Lakh (project cost up to ₹50 Lakh) at 8% p.a. interest rate for Scheduled Caste business ventures.,Larger viable income-generating projects for SC beneficiaries,"Term loan assistance for setting up viable commercial, industrial, or agricultural enterprises.",Ministry of Social Justice and Empowerment,Ministry of Social Justice and Empowerment,NSFDC / State Channelizing Agencies,Scheduled Caste (SC) entrepreneurs,"INDIVIDUAL, SC_BENEFICIARY",SC,SC,,TRUE,SC,ANY,ANY,,,500000,<=,ANNUAL_FAMILY_INCOME_ALL_SOURCES,ALL_INDIA,ALL_INDIA,NOT_APPLICABLE,NOT_APPLICABLE,MICRO_ENTERPRISE,INCOME_GENERATING_ACTIVITY,Cross-Sectoral / Multiple Eligible Activities,ANY_STAGE,New or Existing Enterprise as per Guidelines,TRUE,New or Existing Enterprise as per Guidelines,TRUE,As per statutory guidelines,As per statutory guidelines,FALSE,FALSE,LOAN,Direct concessional term loan up to ₹50 Lakh for viable income generating projects @ 6% p.a. (women @ 5%).,YES,140000,5000000.0,100000.0,5000000.0,100000.0,5000000.0,90.0,10,NO,,,NO,,6.0,6.0,CONCESSIONAL,60,120,QUARTERLY,6,12,,As per official lending norms,As per official lending norms,FALSE,FALSE,FALSE,CONDITIONAL,THROUGH_AUTHORIZED_AGENCY,https://pmsuraj.dosje.gov.in/,https://pmsuraj.dosje.gov.in/,Apply online through PM-SURAJ or submit through authorised SCA/CA; NSFDC does not accept direct applications.,See scheme_documents.csv,1800110396,https://pmsuraj.dosje.gov.in/,"NSFDC Term Loan Scheme, National Scheduled Castes Finance and Development Corporation",https://nsfdc.nic.in/index.php/scheme; https://nsfdc.nic.in/index.php/faqs,WEB,Named scheme section; NSFDC FAQ eligibility and application route,2024-01-01,2026-01-07,,CURRENT_WEB_PAGE,,A-to-Z Data Quality Audit & Provenance Verification against official GOI guidelines,2026-09-01,VERIFIED,ACTIVE,,,SC; NSFDC; TERM_LOAN,,SIH26092-053,
SIH26092-054,SIH26092-054,NSFDC Aajeevika Micro-Finance Yojana (AMY),Concessional Micro-Credit Scheme,Micro-finance loan up to ₹1.25 Lakh at maximum 15% p.a. interest rate through partner MFIs for SC beneficiaries.,Need-based micro finance for small and micro business activities,Micro-finance loans disbursed through accredited MFIs to SC target group members.,Ministry of Social Justice and Empowerment,Ministry of Social Justice and Empowerment,NSFDC / Authorised Micro-Finance Institutions,Scheduled Caste (SC) micro-borrowers,"INDIVIDUAL, SC_BENEFICIARY",SC,SC,,TRUE,SC,ANY,ANY,,,500000,<=,ANNUAL_FAMILY_INCOME_ALL_SOURCES,ALL_INDIA,ALL_INDIA,NOT_APPLICABLE,NOT_APPLICABLE,MICRO_FINANCE,SMALL_MICRO_BUSINESS,Cross-Sectoral / Multiple Eligible Activities,NEW,New or Existing Enterprise as per Guidelines,TRUE,New or Existing Enterprise as per Guidelines,TRUE,As per statutory guidelines,As per statutory guidelines,FALSE,FALSE,LOAN,Micro-credit loan up to ₹1.25 Lakh per beneficiary via SHGs/JLGs/SCAs @ 6% p.a. (women @ 5%).,YES,,140000.0,10000.0,125000.0,10000.0,125000.0,90.0,10,NO,,,NO,,6.0,6.0,CONCESSIONAL,36,36,QUARTERLY,,,,As per official lending norms,As per official lending norms,FALSE,FALSE,FALSE,CONDITIONAL,THROUGH_AUTHORIZED_AGENCY,https://pmsuraj.dosje.gov.in/,https://pmsuraj.dosje.gov.in/,Apply online through PM-SURAJ or submit through authorised SCA/CA; NSFDC does not accept direct applications.,See scheme_documents.csv,1800110396,https://pmsuraj.dosje.gov.in/,NSFDC Micro Credit Finance (MCF) Scheme Guidelines,https://nsfdc.nic.in/index.php/scheme; https://nsfdc.nic.in/index.php/faqs,WEB,Named scheme section; NSFDC FAQ eligibility and application route,2024-01-01,2026-01-07,,CURRENT_WEB_PAGE,,A-to-Z Data Quality Audit & Provenance Verification against official GOI guidelines,2026-09-01,VERIFIED,ACTIVE,,,SC; NSFDC; MICRO_FINANCE,,SIH26092-054,
SIH26092-055,SIH26092-055,NSFDC Udyam Nidhi Yojana (UNY),Concessional Micro-Enterprise Credit Scheme,Loan up to ₹4.5 Lakh (project cost up to ₹5 Lakh) at 13% to 15% interest rate for SC youth entrepreneurship.,Loans for small and micro activities,Assisting SC youth to establish self-employment and micro-business enterprises.,Ministry of Social Justice and Empowerment,Ministry of Social Justice and Empowerment,NSFDC / Channelizing Agencies,Scheduled Caste (SC) young entrepreneurs,"INDIVIDUAL, SC_BENEFICIARY",SC,SC,,TRUE,SC,ANY,ANY,,,500000,<=,ANNUAL_FAMILY_INCOME_ALL_SOURCES,ALL_INDIA,ALL_INDIA,NOT_APPLICABLE,NOT_APPLICABLE,MICRO_ENTERPRISE,SMALL_MICRO_BUSINESS,Cross-Sectoral / Multiple Eligible Activities,NEW,New or Existing Enterprise as per Guidelines,TRUE,New or Existing Enterprise as per Guidelines,TRUE,As per statutory guidelines,As per statutory guidelines,FALSE,FALSE,LOAN,Concessional small enterprise loan up to ₹4.5 Lakh for SC individuals @ 6% p.a. (women @ 5%).,YES,,500000.0,50000.0,450000.0,50000.0,450000.0,90.0,10,NO,,,NO,,6.0,6.0,CONCESSIONAL,,36,QUARTERLY; HALF_YEARLY,,,UNKNOWN,UNKNOWN,As per official lending norms,FALSE,FALSE,FALSE,CONDITIONAL,THROUGH_AUTHORIZED_AGENCY,https://pmsuraj.dosje.gov.in/,https://pmsuraj.dosje.gov.in/,Apply online through PM-SURAJ or submit through authorised SCA/CA; NSFDC does not accept direct applications.,See scheme_documents.csv,1800110396,https://pmsuraj.dosje.gov.in/,NSFDC Mahila Samriddhi Yojana Guidelines,https://nsfdc.nic.in/index.php/scheme; https://nsfdc.nic.in/index.php/faqs,WEB,Named scheme section; NSFDC FAQ eligibility and application route,2024-01-01,2026-01-07,,CURRENT_WEB_PAGE,,A-to-Z Data Quality Audit & Provenance Verification against official GOI guidelines,2026-09-01,VERIFIED,ACTIVE,,,SC; NSFDC; MICRO_FINANCE,,SIH26092-055,
SIH26092-056,SIH26092-056,NSFDC Educational Loan Scheme (ELS),Concessional Higher Education Loan Scheme,Educational loan up to ₹40 Lakh at 6.5% p.a. interest rate for SC students for professional degree programs.,Finance for regular full-time recognised professional or technical education in India or abroad,Educational loan for SC students studying professional or technical courses in India or abroad.,Ministry of Social Justice and Empowerment,Ministry of Social Justice and Empowerment,NSFDC / State Channelizing Agencies,Scheduled Caste (SC) students pursuing professional higher education,"STUDENT, SC_BENEFICIARY",SC,"SC, STUDENT",,TRUE,SC,ANY,ANY,,,500000,<=,ANNUAL_FAMILY_INCOME_ALL_SOURCES,ALL_INDIA,ALL_INDIA,NOT_APPLICABLE,NOT_APPLICABLE,EDUCATION,PROFESSIONAL_TECHNICAL_EDUCATION,Cross-Sectoral / Multiple Eligible Activities,EDUCATION,New or Existing Enterprise as per Guidelines,NOT_APPLICABLE,New or Existing Enterprise as per Guidelines,NOT_APPLICABLE,As per statutory guidelines,As per statutory guidelines,TRUE,FALSE,LOAN,Educational loan up to ₹20 Lakh (India) / ₹40 Lakh (Abroad) for professional degree courses @ 6.5% p.a. (girls @ 6%).,YES,,,100000.0,4000000.0,100000.0,4000000.0,90.0,10,NO,,,NO,,6.5,6.5,CONCESSIONAL,60,120,CONDITIONAL,,,COURSE_DURATION_PLUS_1_YEAR,As per official lending norms,As per official lending norms,FALSE,FALSE,FALSE,CONDITIONAL,THROUGH_AUTHORIZED_AGENCY,https://pmsuraj.dosje.gov.in/,https://pmsuraj.dosje.gov.in/,Apply online through PM-SURAJ or submit through authorised SCA/CA; NSFDC does not accept direct applications.,See scheme_documents.csv,1800110396,https://pmsuraj.dosje.gov.in/,NSFDC Education Loan Scheme Guidelines,https://nsfdc.nic.in/index.php/scheme; https://nsfdc.nic.in/index.php/faqs,WEB,Named scheme section; NSFDC FAQ eligibility and application route,2024-01-01,2024-01-01,,CURRENT_WEB_PAGE,,A-to-Z Data Quality Audit & Provenance Verification against official GOI guidelines,2026-09-01,VERIFIED,ACTIVE,,,SC; NSFDC; EDUCATION_LOAN,,SIH26092-056,
SIH26092-057,SIH26092-057,NSFDC Mahila Samriddhi Yojana (MSY),Concessional Women Micro-Credit Scheme,"Concessional micro-credit assistance up to ₹1,40,000 for Scheduled Caste women entrepreneurs and Self-Help Groups (SHGs) for income generation activities.",NSFDC provides financial assistance in the form of micro-credit through State Channelizing Agencies (SCAs) to eligible Scheduled Caste women entrepreneurs and women SHGs at 4% per annum interest rate.,Empowering women from the Scheduled Caste community by providing micro-credit support at concessional interest rates for small businesses and self-employment.,Ministry of Social Justice and Empowerment,Ministry of Social Justice and Empowerment,State Channelizing Agencies (SCAs) / RRBs / Nationalized Banks,Scheduled Caste Women Entrepreneurs and Women Self-Help Groups,"INDIVIDUAL, SHG, WOMAN",SC,"SC, WOMEN, SHG",MICRO_ENTERPRISE,TRUE,SC,FEMALE_ONLY,FEMALE,18,50,300000,<=,Annual Family Income,,,,,,,,,,,,,,,,,LOAN,Concessional micro-credit loan up to ₹1.40 Lakh for SC women entrepreneurs @ 4% p.a.,YES,,,10000.0,140000.0,10000.0,140000.0,90,10,NO,,,NO,,4.0,4.0,CONCESSIONAL,36,36,,,,,FALSE,,,,,,THROUGH_AUTHORIZED_AGENCY,https://pmsuraj.dosje.gov.in/,https://pmsuraj.dosje.gov.in/,,,,https://pmsuraj.dosje.gov.in/,NSFDC Green Business Scheme Guidelines,NSFDC Mahila Samriddhi Yojana Guidelines,,,,,,1.0,,A-to-Z Data Quality Audit & Provenance Verification against official GOI guidelines,2026-09-01,VERIFIED,ACTIVE,,,,,SIH26092-057,
SIH26092-058,SIH26092-058,NSFDC Green Business Scheme (GBS),Green Energy & Clean Tech Credit Scheme,Concessional term loans up to ₹30 Lakh covering up to 90% of unit costs for Scheduled Caste entrepreneurs undertaking climate change mitigation and green energy enterprises.,"NSFDC provides financial assistance for climate adaptation, solar gadgets, battery electric vehicles (E-rickshaws), poly houses, and eco-friendly income-generating units.",Promoting green entrepreneurship and sustainable livelihood for Scheduled Caste beneficiaries through climate-friendly business models.,Ministry of Social Justice and Empowerment,Ministry of Social Justice and Empowerment,State Channelizing Agencies (SCAs),Scheduled Caste individuals and enterprise units in green / climate-friendly sectors,"INDIVIDUAL, ENTREPRENEUR, MSME",SC,"SC, ENTREPRENEURS",GREEN_ENTERPRISE,TRUE,SC,,,18,55,300000,<=,Annual Family Income,,,,,GREEN_ENERGY; ENVIRONMENT; TRANSPORT,,,,,,,,,,,,LOAN,"Concessional loan up to ₹27 Lakh for green energy, solar, e-rickshaws and waste management @ 6% p.a. (women @ 5%).",YES,50000,3000000,100000.0,2700000.0,100000.0,2700000.0,90,10,NO,,,NO,,6.0,6.0,CONCESSIONAL,60,120,,6,12,,CONDITIONAL,,,,,,THROUGH_AUTHORIZED_AGENCY,https://pmsuraj.dosje.gov.in/,https://pmsuraj.dosje.gov.in/,,,,https://pmsuraj.dosje.gov.in/,NSFDC Voctech Skill Loan Scheme Guidelines,NSFDC Green Business Scheme Policy Guidelines,,,,,,1.0,,A-to-Z Data Quality Audit & Provenance Verification against official GOI guidelines,2026-09-01,VERIFIED,ACTIVE,,,,,SIH26092-058,
SIH26092-059,SIH26092-059,NSTFDC Adivasi Shiksha Rrinn Yojana (ASRY),Concessional Tribal Education Loan Scheme,Concessional education loan up to ₹10 Lakh per eligible ST family for pursuing professional and technical higher education in India.,"NSTFDC extends concessional education loans to Scheduled Tribe students at 6% p.a. interest, with interest subsidy during moratorium eligible under Ministry of Education guidelines.","Financial assistance for technical and professional higher education (including engineering, medical, MBA, MCA, PhD) for tribal students.",Ministry of Tribal Affairs,Ministry of Tribal Affairs,State Channelizing Agencies (SCAs),Scheduled Tribe (ST) students pursuing professional or technical higher education,"STUDENT, INDIVIDUAL",ST,"ST, STUDENTS, YOUTH",,,ST,,,18,35,300000,<=,Annual Family Income,,,,,,,,,,,,,,,TRUE,,LOAN; SUBSIDY,Concessional education loan up to ₹10 Lakh for ST students @ 6% p.a. with full interest subsidy during moratorium.,YES,,,50000.0,1000000.0,50000.0,1000000.0,90,10,YES,100.0,Concessional 6% interest with interest subsidy during moratorium period for eligible professional/technical courses,NO,,6.0,6.0,CONCESSIONAL,60,120,,6,12,,FALSE,,,,,,THROUGH_AUTHORIZED_AGENCY,https://nstfdc.tribal.gov.in/,https://nstfdc.tribal.gov.in/,,,,https://nstfdc.tribal.gov.in/,"NSTFDC Term Loan Scheme Guidelines, Ministry of Tribal Affairs",NSTFDC Adivasi Shiksha Rrinn Yojana Operational Guidelines,,,,,,1.0,,A-to-Z Data Quality Audit & Provenance Verification against official GOI guidelines,2026-09-01,VERIFIED,ACTIVE,,,,,SIH26092-059,
SIH26092-060,SIH26092-060,Credit Enhancement Guarantee Scheme for Scheduled Castes (CEGSSC),Credit Guarantee Scheme,Credit guarantee coverage from ₹15 Lakh to ₹5 Crore for collateral-free bank loans sanctioned to enterprises promoted by Scheduled Caste entrepreneurs.,Ministry of Social Justice & Empowerment initiative managed by IFCI Ltd. providing 100% to 60% credit guarantee cover on loans to SC-promoted enterprises (min 51% SC ownership).,"Encouraging SC entrepreneurs to establish and expand innovation and growth-oriented manufacturing, trading, and service enterprises without third-party collateral.",Ministry of Social Justice and Empowerment,Ministry of Social Justice and Empowerment,IFCI Ltd. / Member Lending Institutions (MLIs),"Scheduled Caste entrepreneurs, registered proprietorships, partnerships, and companies with >51% SC stake","INDIVIDUAL, ENTREPRENEUR, MSME, COMPANY",SC,"SC, ENTREPRENEURS, MSME",,TRUE,SC,,,18,,,,,,,,,,,,,,,,,,,,,GUARANTEE,Credit guarantee cover for bank term loans and composite facilities between ₹15 Lakh and ₹5 Crore to SC entrepreneurs.,NO,,,,,,,100,,NO,,Provides 100% guarantee cover for institutional loans from ₹15 Lakh to ₹5 Crore to SC entrepreneurs,NO,,,,NOT_APPLICABLE,,,,,,,FALSE,,,,,,THROUGH_BANK,https://www.ifcicegssc.in/,https://www.ifcicegssc.in/,,,,https://www.ifcicegssc.in/,"Credit Enhancement Guarantee Scheme for SCs (CEGSSC), IFCI",CEGSSC Official Scheme Guidelines (IFCI / MoSJE),,,,,,1.0,,A-to-Z Data Quality Audit & Provenance Verification against official GOI guidelines,2026-09-01,VERIFIED,ACTIVE,,,,,SIH26092-060,
SIH26092-061,SIH26092-061,Pradhan Mantri Van Dhan Yojana (PMVDY),Tribal Enterprise & Minor Forest Produce Scheme,"Livelihood generation scheme for tribal forest gatherers and SHGs through Van Dhan Vikas Kendras (VDVKs) for processing, packaging, and marketing Minor Forest Produce (MFP).","TRIFED initiative under Ministry of Tribal Affairs setting up grassroots Van Dhan Vikas Kendras (15 SHGs of 20 gatherers each) with skill training, working capital, and processing equipment.","Transforming tribal gatherers into entrepreneurs by adding value to forest produce, ensuring fair remunerative prices, and eliminating middleman exploitation.",Ministry of Tribal Affairs,Ministry of Tribal Affairs,TRIFED / State Nodal Agencies (SND) / Van Dhan Vikas Kendras,"Tribal forest gatherers, artisans, and women Self-Help Groups in tribal districts","SHG, INDIVIDUAL, TRIBAL_GATHERER",ST,"ST, WOMEN, SHG, FOREST_GATHERERS",,,ST,,,,,,,,,,,,FORESTRY; AGRO_PROCESSING; RURAL_ENTERPRISE,,,,,,,,,,,,GRANT; VALUE_ADDITION; INFRASTRUCTURE,100% government grant up to ₹15 Lakh per Van Dhan Vikas Kendra for minor forest produce value addition.,NO,,,,,,,,,YES,100.0,"100% government funding of ₹15 Lakh per Van Dhan Vikas Kendra for infrastructure, equipment, and working capital grant",YES,,,,NOT_APPLICABLE,,,,,,,FALSE,,TRUE,TRUE,TRUE,,THROUGH_AUTHORIZED_AGENCY,https://trifed.tribal.gov.in/,https://trifed.tribal.gov.in/,,,,https://trifed.tribal.gov.in/pradhan-mantri-van-dhan-yojana,"Pradhan Mantri Van Dhan Yojana Guidelines, TRIFED",TRIFED Van Dhan Yojana Operational Manual,,,,,,1.0,,A-to-Z Data Quality Audit & Provenance Verification against official GOI guidelines,2026-09-01,VERIFIED,ACTIVE,,,,,SIH26092-061,
SIH26092-062,SIH26092-062,Gramodyog Vikas Yojana (GVY),Village Industries Skill & Technology Support Scheme,"Skill development, technological modernization, and distribution of advanced toolkits/machinery for rural artisans in pottery, beekeeping/honey, agro-processing, and village industries.","Central Sector Scheme by KVIC providing customized technical training, electric pottery wheels, bee boxes, agarbatti/paper machines, and CFC infrastructure for village artisans.","Revitalizing traditional village industries, creating sustainable rural self-employment, and enhancing income levels of grassroots artisans.","Ministry of Micro, Small and Medium Enterprises","Ministry of Micro, Small and Medium Enterprises",KVIC / State KVIB / DIC,"Rural traditional artisans, craftspersons, unemployed rural youth, and SHGs","INDIVIDUAL, ARTISAN, SHG",,"ARTISANS, RURAL_YOUTH, WOMEN, SC, ST, OBC",,,,,,18,55,,,,,,,,VILLAGE_INDUSTRIES; ARTISAN; AGRO_PROCESSING; HANDICRAFT,,,,,,,,,,,,TRAINING; EQUIPMENT; GRANT,"Free modernized machinery, toolkits, training stipends and market linkages for rural village industry artisans.",NO,,,,,,,,,YES,100.0,"Free advanced toolkits, bee-boxes, pottery wheels, and skill training for traditional rural artisans",YES,,,,NOT_APPLICABLE,,,,,,,FALSE,,TRUE,TRUE,TRUE,,THROUGH_AUTHORIZED_AGENCY,https://www.kviconline.gov.in/,https://www.kviconline.gov.in/,,,,https://www.kviconline.gov.in/kvis/gramodyog.jsp,"Gramodyog Vikas Yojana (GVY) Scheme Guidelines, KVIC",KVIC Gramodyog Vikas Yojana Guidelines (MSME),,,,,,1.0,,A-to-Z Data Quality Audit & Provenance Verification against official GOI guidelines,2026-09-01,VERIFIED,ACTIVE,,,,,SIH26092-062,
SIH26092-063,SIH26092-063,NSFDC Mahila Kisan Yojana (MKY),Concessional Women Agri-Credit Scheme,"Concessional loans up to ₹50,000 with capital subsidy assistance for Scheduled Caste women engaged in agriculture, dairy farming, poultry, and allied rural activities.",NSFDC scheme implemented via State Channelizing Agencies offering 5% p.a. concessional loans and subsidy for rural SC women farmers and livestock rearers.,Economic upliftment and asset creation for SC women in agriculture and allied rural sectors.,Ministry of Social Justice and Empowerment,Ministry of Social Justice and Empowerment,State Channelizing Agencies (SCAs),"Scheduled Caste women farmers, dairy workers, and rural agricultural laborers","INDIVIDUAL, WOMAN, FARMER",SC,"SC, WOMEN, FARMERS",,TRUE,SC,FEMALE_ONLY,FEMALE,18,50,300000,<=,Annual Family Income,,,,,AGRICULTURE; DAIRY; ALLIED_FARMING,,,,,,,,,,,,LOAN,"Micro-credit up to ₹50,000 for SC women farmers, vegetable growers, dairy and poultry rearers @ 5% p.a.",YES,,50000,10000.0,50000.0,10000.0,50000.0,90,10,NO,,,NO,,5.0,5.0,CONCESSIONAL,36,36,,,,,FALSE,,,,,,THROUGH_AUTHORIZED_AGENCY,https://pmsuraj.dosje.gov.in/,https://pmsuraj.dosje.gov.in/,,,,https://pmsuraj.dosje.gov.in/,"NAMASTE Scheme Portal, Ministry of Social Justice and Empowerment",NSFDC Mahila Kisan Yojana Scheme Circular,,,,,,1.0,,A-to-Z Data Quality Audit & Provenance Verification against official GOI guidelines,2026-09-01,VERIFIED,ACTIVE,,,,,SIH26092-063,
SIH26092-064,SIH26092-064,NBCFDC Shilp Sampada Scheme,OBC Artisan & Craftsperson Credit Scheme,"Concessional term loans up to ₹10 Lakh for Backward Classes (OBC) artisans and craftspersons to upgrade production technology, purchase modern tools, and establish artisan enterprises.",NBCFDC scheme providing financial assistance up to 85% of project cost at 6% p.a. interest to traditional artisans and craftspersons belonging to Backward Classes.,"Modernization of artisan tools, working capital support, and sustainable self-employment for OBC craftspersons.",Ministry of Social Justice and Empowerment,Ministry of Social Justice and Empowerment,State Channelizing Agencies (SCAs),"Backward Classes (OBC) artisans, traditional craftspeople, and weavers","INDIVIDUAL, ARTISAN, ENTREPRENEUR",OBC,"OBC, ARTISANS, CRAFTSPERSONS",,,OBC,,,18,55,300000,<=,Annual Family Income,,,,,ARTISAN; HANDICRAFT; TRADITIONAL_OCCUPATIONS,,,,,,,,,,,,LOAN,Concessional term loan up to ₹8.5 Lakh for OBC artisans and craftspersons @ 6% p.a. (women @ 5%).,YES,50000,1000000,50000.0,850000.0,50000.0,850000.0,85,15,NO,,,NO,,6.0,6.0,CONCESSIONAL,60,120,,6,6,,CONDITIONAL,,,,,,THROUGH_AUTHORIZED_AGENCY,https://nbcfdc.nic.in/,https://nbcfdc.nic.in/,,,,https://nbcfdc.nic.in/en/term-loan,"NBCFDC General Term Loan Scheme Guidelines, MoSJE",NBCFDC Shilp Sampada Lending Guidelines,,,,,,1.0,,A-to-Z Data Quality Audit & Provenance Verification against official GOI guidelines,2026-09-01,VERIFIED,ACTIVE,,,,,SIH26092-064,
SIH26092-065,SIH26092-065,PM Young Achievers Scholarship Award Scheme for Vibrant India (PM-YASASVI),National Scholarship Scheme,"Comprehensive scholarship and tuition fee assistance for meritorious OBC, EBC, and DNT students studying in Class 9 to 12 and higher education institutions.","Umbrella scheme by Ministry of Social Justice & Empowerment providing pre-matric, post-matric, and top class school/college scholarships for OBC, EBC, and DNT students with family income up to ₹2.50 lakh.",Promoting quality education and financial assistance for backward class and nomadic students.,Ministry of Social Justice and Empowerment,Ministry of Social Justice and Empowerment,Department of Social Justice & Empowerment / National Testing Agency (NTA),"OBC, EBC, and DNT students studying in recognized schools and colleges","STUDENT, INDIVIDUAL","OBC, EBC, DNT","OBC, EBC, DNT, STUDENTS",,,OBC; EBC; DNT,,,13,25,250000,<=,Annual Family Income,,,,,EDUCATION; HIGHER_STUDIES,,,,,,,,,,,,SCHOLARSHIP,"Direct scholarship grant up to ₹75,000/yr (Class 9-10) and ₹1,25,000/yr (Class 11-12) for OBC, EBC and DNT students.",NO,,,,,,,,,NO,,"Full scholarship assistance (up to ₹1,25,000/year for Class 11-12 and ₹75,000/year for Class 9-10) for OBC, EBC, and DNT students",YES,,,,NOT_APPLICABLE,,,,,,,,,,,,,ONLINE,https://scholarships.gov.in/,https://scholarships.gov.in/,,,,https://scholarships.gov.in/,"National Fellowship for SC Students, Ministry of Social Justice and Empowerment",PM-YASASVI Umbrella Scheme Guidelines,,,,,,1.0,,A-to-Z Data Quality Audit & Provenance Verification against official GOI guidelines,2026-09-01,VERIFIED,ACTIVE,,,,,SIH26092-065,
SIH26092-066,SIH26092-066,Scheme for Residential Education for Students in High Schools in Targeted Areas (SHRESHTA),Residential High School Education Scheme,Full school and residential hostel fee grant (up to ₹1.35 Lakh/year) for bright Scheduled Caste students in top CBSE-affiliated residential schools.,Department of Social Justice and Empowerment scheme providing high quality residential education to meritorious SC students selected through NETS entrance test.,Bridge the educational gap for meritorious SC students in service-deficient areas through top-tier private residential schooling.,Ministry of Social Justice and Empowerment,Ministry of Social Justice and Empowerment,National Testing Agency (NTA) / MSJE,Meritorious Scheduled Caste (SC) students studying in Classes 9 to 12,"STUDENT, INDIVIDUAL",SC,"SC, STUDENTS",,TRUE,SC,,,13,19,250000,<=,Annual Family Income,,,,,EDUCATION; RESIDENTIAL_SCHOOLING,,,,,,,,,,,,SCHOLARSHIP; RESIDENTIAL_EDUCATION,100% government funded residential school education in top private CBSE schools for meritorious SC students.,NO,,,,,,,,,NO,,"100% funding covering school fees, hostel fees, and mess charges up to ₹1,35,000/year in top CBSE/State residential schools for SC students",YES,135000,,,NOT_APPLICABLE,,,,,,,,,,,,,ONLINE,https://shreshta.admissions.nic.in/,https://shreshta.admissions.nic.in/,,,,https://shreshta.admissions.nic.in/,"SHRESHTA Scheme Guidelines, Department of Social Justice and Empowerment",SHRESHTA Operational Guidelines,,,,,,1.0,,A-to-Z Data Quality Audit & Provenance Verification against official GOI guidelines,2026-09-01,VERIFIED,ACTIVE,,,,,SIH26092-066,
SIH26092-067,SIH26092-067,NMDFC Virasat Scheme for Craftspersons and Artisans,Concessional Minority Artisan Credit Scheme,Concessional credit up to ₹10 Lakhs at 4% to 6% p.a. interest for traditional artisans and craftspersons from notified Minority communities.,"NMDFC scheme providing working and fixed capital loans through State Channelizing Agencies for traditional craftspersons from Muslim, Christian, Sikh, Buddhist, Jain, and Parsi communities.","Financial inclusion, heritage craft preservation, and working capital assistance for minority craftspersons.",Ministry of Minority Affairs,Ministry of Minority Affairs,State Channelizing Agencies (SCAs),"Artisans, craftspersons, and traditional handloom/handicraft workers from minority communities","INDIVIDUAL, ARTISAN, CRAFTSPERSON",MINORITY,"MINORITY, ARTISANS, CRAFTSPERSONS",,,MINORITY,,,18,60,,,,,,,,ARTISAN; HANDICRAFT; TRADITIONAL_OCCUPATIONS,,,,,,,,,,,,LOAN,Concessional credit up to ₹10 Lakh for minority artisans and craftspersons @ 5% p.a. (male) / 4% (female).,YES,,,50000.0,1000000.0,50000.0,1000000.0,90,5,NO,,,NO,,6.0,6.0,CONCESSIONAL,60,60,,6,6,,CONDITIONAL,,,,,,THROUGH_AUTHORIZED_AGENCY,https://www.nmdfc.org/,https://www.nmdfc.org/,,,,https://www.nmdfc.org/,"NMDFC Term Loan Scheme Guidelines, Ministry of Minority Affairs",NMDFC Virasat Scheme Operational Guidelines,,,,,,1.0,,A-to-Z Data Quality Audit & Provenance Verification against official GOI guidelines,2026-09-01,VERIFIED,ACTIVE,,,,,SIH26092-067,
SIH26092-068,SIH26092-068,Divyangjan Swavalamban Yojana (NDFDC),Concessional Credit Scheme for Persons with Disabilities,"Concessional loans up to ₹50 Lakhs at 5% to 9% interest for Persons with Disabilities (PwD >= 40%) for self-employment, income-generation, and assistive equipment.",National Divyangjan Finance and Development Corporation (NDFDC) flagship scheme providing low-interest term loans with a 1% interest rebate for women with disabilities.,Socio-economic empowerment and self-employment promotion for Persons with Disabilities.,Ministry of Social Justice and Empowerment,Ministry of Social Justice and Empowerment,State Channelizing Agencies (SCAs) / Partner Banks,Persons with Disabilities (PwDs) having 40% or more disability under PwD Act 2016,"INDIVIDUAL, PWD, ENTREPRENEUR",PWD,"PWD, SPECIALLY_ABLED, ENTREPRENEURS",,,,,,18,,,,,,,,,MICRO_ENTERPRISE; SERVICES; TRADING; SMALL_BUSINESS,,,,,,,,,,,,LOAN,Concessional loan up to ₹50 Lakh for Persons with Disabilities (PwD) @ 5% to 9% p.a. (1% rebate for women).,YES,,,50000.0,5000000.0,50000.0,5000000.0,90,10,NO,,Concessional interest rate between 5% to 9% p.a. based on loan slab with 1% interest rebate for women with disabilities,NO,,5.0,9.0,CONCESSIONAL,60,120,,6,12,,CONDITIONAL,,,,,,THROUGH_AUTHORIZED_AGENCY,https://ndfdc.nic.in/,https://ndfdc.nic.in/,,,,https://ndfdc.nic.in/,"NDFDC Divyangjan Term Loan Scheme, DEPwD",NDFDC Divyangjan Swavalamban Guidelines,,,,,,1.0,,A-to-Z Data Quality Audit & Provenance Verification against official GOI guidelines,2026-09-01,VERIFIED,ACTIVE,,,,,SIH26092-068,
SIH26092-069,SIH26092-069,SAMARTH — Scheme for Capacity Building in Textile Sector,Textile Sector Skill & Placement Scheme,"Industry-aligned skill training, certification, and wage/self-employment placement assistance across the textile value chain with special focus on SC/ST and women.","Ministry of Textiles initiative delivering NSQF-compliant skill training through biometric attendance, CCTV monitoring, and certified training centers for handloom, handicraft, and textile manufacturing.","Skill development, employment generation, and productivity enhancement in traditional and modern textile sectors.",Ministry of Textiles,Ministry of Textiles,Ministry of Textiles Implementing Partners / Industry Associations,"Unemployed youth, women, SC/ST, traditional artisans, and textile workers","INDIVIDUAL, YOUTH, ARTISAN, WEAVER",,"YOUTH, WOMEN, SC, ST, WEAVERS, ARTISANS",,,,,,18,45,,,,,,,,TEXTILE; HANDLOOM; HANDICRAFT; APPAREL,,,,,,,,,,,,TRAINING; PLACEMENT,100% government funded placement-oriented vocational skill training in textiles and apparel manufacturing.,NO,,,,,,,,,NO,,100% government-funded NSQF-aligned skill training with mandatory 70% wage-employment placement guarantee,YES,,,,NOT_APPLICABLE,,,,,,,,,TRUE,,,,ONLINE,https://samarth-textiles.gov.in/,https://samarth-textiles.gov.in/,,,,https://samarth-textiles.gov.in/,"Samarth Scheme for Capacity Building in Textile Sector, Ministry of Textiles",SAMARTH Operational Guidelines (Ministry of Textiles),,,,,,1.0,,A-to-Z Data Quality Audit & Provenance Verification against official GOI guidelines,2026-09-01,VERIFIED,ACTIVE,,,,,SIH26092-069,
SIH26092-070,SIH26092-070,Animal Husbandry Infrastructure Development Fund (AHIDF),Infrastructure Credit Subvention Scheme,"3% per annum interest subvention on term loans up to 90% project cost with credit guarantee for dairy, meat processing, and animal feed infrastructure.","Department of Animal Husbandry and Dairying scheme incentivizing investments in livestock processing, value addition, and breed improvement with 3% interest subvention for 8 years.","Infrastructure development and entrepreneurship in dairy and meat processing, animal feed, and livestock breed improvement.","Ministry of Fisheries, Animal Husbandry and Dairying","Ministry of Fisheries, Animal Husbandry and Dairying",Department of Animal Husbandry & Dairying / SIDBI / Scheduled Banks,"Individual entrepreneurs, MSMEs, FPOs, Section 8 companies, and Dairy Cooperatives","INDIVIDUAL, ENTREPRENEUR, MSME, FPO, COOPERATIVE",,"ENTREPRENEURS, FARMERS, MSMES, RURAL_ENTERPRISES",,,,,,,,,,,,,,,DAIRY; LIVESTOCK; ANIMAL_HUSBANDRY; FOOD_PROCESSING,,,,,,,,,,,,LOAN; SUBSIDY; GUARANTEE,"Bank loan up to 90% of project cost with 3% interest subvention for dairy, meat processing, and animal feed plants.",YES,,,,,,,90,10,YES,3.0,3% interest subvention for 8 years on scheduled commercial bank term loans (up to 90% project cost) with 25% credit guarantee,NO,,3.0,3.0,SUBSIDIZED_RATE,96,96,,24,24,,,,,,,,ONLINE,https://ahidf.udyamimitra.in/,https://ahidf.udyamimitra.in/,,,,https://ahidf.udyamimitra.in/,"Animal Husbandry Infrastructure Development Fund (AHIDF), DAHD",AHIDF Revised Operational Guidelines (DAHD),,,,,,1.0,,A-to-Z Data Quality Audit & Provenance Verification against official GOI guidelines,2026-09-01,VERIFIED,ACTIVE,,,,,SIH26092-070,
SIH26092-071,SIH26092-071,Special Credit Linked Capital Subsidy Scheme for SC/ST (SCLCSS under NSSH),Technology Upgradation Subsidy Scheme,25% upfront capital subsidy (up to ₹25 Lakhs) on institutional credit up to ₹1 Crore for technology upgradation of SC/ST-owned Micro and Small Enterprises.,Key scheme under National SC-ST Hub (NSSH) by Ministry of MSME providing 25% capital subsidy on plant and machinery loans for SC/ST entrepreneurs with valid Udyam Registration.,Facilitate purchase of modern plant and machinery and scale technology adoption for SC/ST enterprises.,"Ministry of Micro, Small and Medium Enterprises","Ministry of Micro, Small and Medium Enterprises",National Small Industries Corporation (NSIC) / SIDBI / Scheduled Banks,SC/ST entrepreneurs owning Micro and Small Enterprises (min 51% shareholding),"ENTREPRENEUR, MSME, INDIVIDUAL","SC, ST","SC, ST, MSME, ENTREPRENEURS",,CONDITIONAL,SC; ST,,,,,,,,,,,,MANUFACTURING; SERVICES; PROCESSING; ALL_MSME_SECTORS,,,,,,,,TRUE,,,,SUBSIDY,25% capital subsidy (up to ₹25 Lakh) for SC/ST MSMEs for technology upgradation and modern plant machinery.,NO,,10000000,,,,,,,YES,25.0,25% upfront capital subsidy (up to ₹25 Lakh on institutional credit up to ₹1 Crore) for plant and machinery modernisation to SC/ST MSEs,YES,2500000,,,NOT_APPLICABLE,,,,,,,,,,,,,ONLINE,https://www.scsthub.in/,https://www.scsthub.in/,,,,https://www.scsthub.in/,"National SC-ST Hub Special Credit Linked Capital Subsidy Scheme, Ministry of MSME",Special Credit Linked Capital Subsidy Scheme Guidelines (NSSH),,,,,,1.0,,A-to-Z Data Quality Audit & Provenance Verification against official GOI guidelines,2026-09-01,VERIFIED,ACTIVE,,,,,SIH26092-071,
SIH26092-072,SIH26092-072,NSKFDC Sanitary Marts Scheme,Sanitation Worker Rehabilitation Credit Scheme,Concessional loans up to ₹15 Lakhs (up to 90% project cost) at 4% p.a. interest for Safai Karamcharis and manual scavengers to set up sanitation and hygiene retail marts.,"NSKFDC scheme providing financial assistance to liberated manual scavengers, safai karamcharis, and their dependents for establishing sanitary marts with a 1% rebate for women.",Dignified self-employment and sustainable livelihood creation in sanitation product retail and services.,Ministry of Social Justice and Empowerment,Ministry of Social Justice and Empowerment,State Channelizing Agencies (SCAs) / RRBs / Nationalized Banks,"Safai Karamcharis, identified manual scavengers, waste pickers, and their dependents","INDIVIDUAL, SAFAI_KARAMCHARI, SHG",SAFAI_KARAMCHARI,"SAFAI_KARAMCHARIS, MANUAL_SCAVENGERS, SANITATION_WORKERS",,,,,,18,,,,,,,,,SANITATION; TRADING; RETAIL; SERVICE,,,,,,,,,,,,LOAN,Concessional credit up to ₹13.5 Lakh for Safai Karamcharis/manual scavengers for sanitary goods retail marts @ 4% p.a.,YES,,1500000,50000.0,1350000.0,50000.0,1350000.0,90,10,NO,,,NO,,4.0,6.0,CONCESSIONAL,60,84,,6,6,,FALSE,,,,,,THROUGH_AUTHORIZED_AGENCY,https://www.nskfdc.nic.in/,https://www.nskfdc.nic.in/,,,,https://www.nskfdc.nic.in/,"NSKFDC Sanitary Mart Scheme Guidelines, MoSJE",NSKFDC Sanitary Marts Scheme Guidelines,,,,,,1.0,,A-to-Z Data Quality Audit & Provenance Verification against official GOI guidelines,2026-09-01,VERIFIED,ACTIVE,,,,,SIH26092-072,
SIH26092-073,SIH26092-073,NBCFDC Krishi Sampada Scheme,OBC Micro-Credit Agri-Business Scheme,"Concessional micro-finance loans up to ₹50,000 at 4% p.a. interest for small farmers and agricultural vendors from Other Backward Classes during crop seasons.",NBCFDC seasonal credit scheme providing up to 95% project financing for small farmers and vegetable vendors belonging to OBC communities with family income up to ₹3 Lakh.,Provide timely concessional working credit to small OBC farmers and agricultural produce vendors during cropping cycles.,Ministry of Social Justice and Empowerment,Ministry of Social Justice and Empowerment,State Channelising Agencies (SCAs) / RRBs / Public Sector Banks,"Small farmers, vegetable vendors, and agricultural laborers from Backward Classes","FARMER, INDIVIDUAL, VENDOR",OBC,"OBC, FARMERS, SMALL_VENDORS",,,OBC,,,18,60,300000,<=,Annual Family Income,,,,,AGRICULTURE; VEGETABLE_VENDING; RURAL_FARMING,,,,,,,,,,,,LOAN,"Micro-credit up to ₹50,000 for small OBC farmers/vegetable growers @ 4% p.a.",YES,,,10000.0,50000.0,10000.0,50000.0,95,5,NO,,,NO,,4.0,4.0,CONCESSIONAL,36,36,,,,,FALSE,,,,,,THROUGH_AUTHORIZED_AGENCY,https://nbcfdc.nic.in/,https://nbcfdc.nic.in/,,,,https://nbcfdc.nic.in/en/new-swarnima,"NBCFDC New Swarnima Special Scheme for Women, MoSJE",NBCFDC Krishi Sampada Lending Guidelines,,,,,,1.0,,A-to-Z Data Quality Audit & Provenance Verification against official GOI guidelines,2026-09-01,VERIFIED,ACTIVE,,,,,SIH26092-073,
SIH26092-074,SIH26092-074,Pradhan Mantri Janjati Adivasi Nyaya Maha Abhiyan (PM-JANMAN),Particularly Vulnerable Tribal Groups (PVTG) Mission,"Saturation mission providing pucca housing assistance, Van Dhan Vikas Kendra livelihood infrastructure, and skill training for Particularly Vulnerable Tribal Groups (PVTGs).","Inter-ministerial mission led by Ministry of Tribal Affairs covering 75 PVTG communities across 18 States and UTs with dedicated housing grants, Multi-Purpose Centres, and sustainable livelihood support.","Comprehensive socio-economic upliftment, safe housing, and sustainable livelihood creation for vulnerable tribal communities.",Ministry of Tribal Affairs,Ministry of Tribal Affairs,Ministry of Tribal Affairs / State Tribal Welfare Departments,Households belonging to Particularly Vulnerable Tribal Groups (PVTGs),"INDIVIDUAL, TRIBAL_HOUSEHOLD, SHG",ST,"ST, PVTG, VULNERABLE_TRIBAL_GROUPS",,,ST,,,,,,,,,,,,HOUSING; FOREST_PRODUCE; SKILL_DEVELOPMENT; RURAL_LIVELIHOOD,,,,,,,,,,,,DIRECT_BENEFIT; HOUSING; INFRASTRUCTURE,"100% government-funded pucca housing (₹2.39 Lakh), piped water, solar electricity, and roads for PVTG households.",NO,,,,,,,,,NO,,"100% government welfare package covering pucca housing (₹2.39 Lakh/unit), clean drinking water, electricity, and health connectivity",YES,,,,NOT_APPLICABLE,,,,,,,,,TRUE,,,,THROUGH_AUTHORIZED_AGENCY,https://tribal.nic.in/,https://scholarships.gov.in/,,,,https://tribal.nic.in/ScholarshiP.aspx,"National Fellowship and Scholarship for Higher Education of ST Students, MoTA",PM-JANMAN Operational Guidelines and SOPs,,,,,,1.0,,A-to-Z Data Quality Audit & Provenance Verification against official GOI guidelines,2026-09-01,VERIFIED,ACTIVE,,,,,SIH26092-074,
SIH26092-075,SIH26092-075,Pradhan Mantri Jan Dhan Yojana (PMJDY),National Financial Inclusion Mission,"National Mission for Financial Inclusion providing universal access to banking facilities with zero balance account, RuPay debit card, and overdraft.","Pradhan Mantri Jan Dhan Yojana (PMJDY) is India's flagship financial inclusion program providing universal access to banking services with at least one basic banking account for every unbanked adult, RuPay debit card with ₹2 Lakh accidental insurance cover, and an overdraft facility of up to ₹10,000.","Universal banking access, financial literacy, micro-insurance, and direct benefit transfer (DBT) delivery.",Ministry of Finance,Ministry of Finance,Department of Financial Services / Commercial & Regional Banks,"All unbanked individuals, low-income households, and rural/urban citizens",INDIVIDUAL,ALL,"ALL_CITIZENS,UNBANKED,LOW_INCOME",NOT_APPLICABLE,FALSE,ALL,ALL,ALL,10,65,,,,ALL_INDIA,ALL_INDIA,ALL_INDIA,ALL_INDIA,FINANCIAL_SERVICES,BANKING_FINANCIAL_INCLUSION,NOT_APPLICABLE,NOT_APPLICABLE,FALSE,TRUE,TRUE,TRUE,FALSE,NOT_APPLICABLE,FALSE,FALSE,BANKING; OVERDRAFT; INSURANCE,"Zero-balance bank account with RuPay debit card, ₹2 Lakh free accident insurance, and up to ₹10,000 overdraft facility.",YES,,,2000.0,10000.0,2000.0,10000.0,100,0,NO,,"Zero-balance savings account with ₹10,000 overdraft facility and free ₹2 Lakh RuPay accidental insurance cover",NO,,12.0,12.0,OVERDRAFT_RATE,12,36,MONTHLY,,,STANDARD,FALSE,FALSE,FALSE,FALSE,FALSE,TRUE,THROUGH_BANK,https://pmjdy.gov.in/,https://pmjdy.gov.in/,1. Visit nearest commercial bank branch or Bank Mitra / CSP outlet. 2. Submit PMJDY Account Opening Form with Aadhaar card / official valid document (OVD). 3. Complete biometric e-KYC. 4. Receive Passbook and RuPay Debit Card.,"Aadhaar Card, Proof of Address (if not on Aadhaar), 2 Passport-sized Photographs",18001801111 / 1800110001,https://pmjdy.gov.in/,"Pradhan Mantri Jan-Dhan Yojana (PMJDY) Operational Guidelines, DFS","PMJDY Operational Guidelines, Department of Financial Services",1,Eligibility and Account Features,2014-08-28,2014-08-28,,1.0,,A-to-Z Data Quality Audit & Provenance Verification against official GOI guidelines,2026-09-01,VERIFIED,ACTIVE,,,"pmjdy, jan dhan, zero balance, financial inclusion, overdraft, rupay debit card, banking, insurance",,,HIGH
SIH26092-076,SIH26092-076,Pradhan Mantri Suraksha Bima Yojana (PMSBY),Accidental Death & Disability Insurance Scheme,Affordable accidental death and disability insurance scheme offering ₹2 Lakh cover for just ₹20 per annum.,"Pradhan Mantri Suraksha Bima Yojana is a government-backed accident insurance scheme in India providing ₹2 Lakh coverage for accidental death and permanent total disability, and ₹1 Lakh for permanent partial disability, at an annual premium of ₹20 auto-debited from the subscriber's bank account.",Affordable social security and universal accidental risk coverage for low-income citizens.,Ministry of Finance,Ministry of Finance,Department of Financial Services / Public Sector General Insurance Companies,All bank account holders aged 18 to 70 years,INDIVIDUAL,ALL,"ALL_CITIZENS,LOW_INCOME,WORKERS",NOT_APPLICABLE,FALSE,ALL,ALL,ALL,18,70,,,,ALL_INDIA,ALL_INDIA,ALL_INDIA,ALL_INDIA,FINANCIAL_SERVICES,ACCIDENT_INSURANCE,NOT_APPLICABLE,NOT_APPLICABLE,FALSE,TRUE,TRUE,TRUE,FALSE,NOT_APPLICABLE,FALSE,FALSE,INSURANCE,₹2 Lakh accidental death / total permanent disability insurance cover @ nominal premium of ₹20 per year.,NO,,,,,,,,,NO,,"₹2,00,000 accidental death/total disability cover and ₹1,00,000 partial disability cover for annual premium of ₹20 auto-debited",NO,,,,NOT_APPLICABLE,,,,,,,FALSE,FALSE,FALSE,FALSE,FALSE,FALSE,THROUGH_BANK,https://jansuraksha.gov.in/,https://jansuraksha.gov.in/,1. Log into your bank's Internet Banking or visit the branch / CSP. 2. Select PMSBY enrollment. 3. Authorize auto-debit consent for ₹20 annual premium. 4. Download Certificate of Insurance.,"Savings Bank Account details, Aadhaar Card, Auto-debit Consent Form, Nominee Details",18001801111 / 1800110001,https://jansuraksha.gov.in/Files/PMJJBY/English/Rules.pdf,"Pradhan Mantri Jeevan Jyoti Bima Yojana (PMJJBY) Rules, DFS","PMSBY Revised Scheme Rules, DFS",1-3,"Eligibility, Premium & Benefit Coverage",2015-05-09,2015-06-01,,1.0,,A-to-Z Data Quality Audit & Provenance Verification against official GOI guidelines,2026-09-01,VERIFIED,ACTIVE,,,"pmsby, accident insurance, disability insurance, social security, 2 lakh cover, jansuraksha",,,HIGH
SIH26092-077,SIH26092-077,Pradhan Mantri Jeevan Jyoti Bima Yojana (PMJJBY),Life Insurance Scheme,Renewable one-year term life insurance scheme offering ₹2 Lakh life cover for ₹436 per annum.,"Pradhan Mantri Jeevan Jyoti Bima Yojana is a government-backed life insurance scheme providing ₹2 Lakh death benefit on death of the subscriber due to any cause, for individuals aged 18-50 years with a bank account at an annual premium of ₹436.",Affordable term life insurance cover protecting families of deceased earners from financial destitution.,Ministry of Finance,Ministry of Finance,Department of Financial Services / LIC & Life Insurance Companies,Bank account holders aged 18 to 50 years,INDIVIDUAL,ALL,"ALL_CITIZENS,LOW_INCOME,WORKERS",NOT_APPLICABLE,FALSE,ALL,ALL,ALL,18,50,,,,ALL_INDIA,ALL_INDIA,ALL_INDIA,ALL_INDIA,FINANCIAL_SERVICES,LIFE_INSURANCE,NOT_APPLICABLE,NOT_APPLICABLE,FALSE,TRUE,TRUE,TRUE,FALSE,NOT_APPLICABLE,FALSE,FALSE,INSURANCE,₹2 Lakh life insurance coverage for death due to any cause @ premium of ₹436 per year.,NO,,,,,,,,,NO,,"₹2,00,000 life insurance cover payable upon death of insured due to any reason for annual premium of ₹436",NO,,,,NOT_APPLICABLE,,,,,,,FALSE,FALSE,FALSE,FALSE,FALSE,FALSE,THROUGH_BANK,https://jansuraksha.gov.in/,https://jansuraksha.gov.in/,1. Visit bank branch or open netbanking app. 2. Submit PMJJBY enrollment form with auto-debit consent. 3. Bank debits ₹436 and issues insurance policy receipt.,"Savings Bank Account details, Aadhaar Card, Auto-debit Consent Form, Nominee Details",18001801111 / 1800110001,https://jansuraksha.gov.in/Files/PMSBY/English/Rules.pdf,"Pradhan Mantri Suraksha Bima Yojana (PMSBY) Rules, DFS","PMJJBY Revised Scheme Rules, DFS",1-3,Eligibility and Benefits,2015-05-09,2015-06-01,,1.0,,A-to-Z Data Quality Audit & Provenance Verification against official GOI guidelines,2026-09-01,VERIFIED,ACTIVE,,,"pmjjby, life insurance, term insurance, social security, 2 lakh cover, jansuraksha",,,HIGH
SIH26092-078,SIH26092-078,Atal Pension Yojana (APY),Guaranteed Old-Age Pension Scheme,"Guaranteed monthly pension scheme of ₹1,000 to ₹5,000 from age 60 for unorganized sector workers.","Atal Pension Yojana is a government-backed guaranteed pension scheme for citizens in the unorganized sector aged 18 to 40 years, providing a guaranteed monthly pension ranging from ₹1,000 to ₹5,000 after attaining 60 years of age, depending on contribution amount and entry age.",Old age income security and guaranteed pension for unorganized sector workers.,Ministry of Finance,Ministry of Finance,PFRDA / National Pension System (NPS) / Commercial Banks & Post Offices,Unorganized sector workers and Indian citizens aged 18 to 40 years (non-income tax payers),INDIVIDUAL,ALL,"UNORGANIZED_WORKERS,ALL_CITIZENS,LOW_INCOME",NOT_APPLICABLE,FALSE,ALL,ALL,ALL,18,40,,,,ALL_INDIA,ALL_INDIA,ALL_INDIA,ALL_INDIA,FINANCIAL_SERVICES,OLD_AGE_PENSION,NOT_APPLICABLE,NOT_APPLICABLE,FALSE,TRUE,TRUE,TRUE,FALSE,NOT_APPLICABLE,FALSE,FALSE,PENSION,"Guaranteed monthly pension of ₹1,000, ₹2,000, ₹3,000, ₹4,000 or ₹5,000 starting from age 60.",NO,,,,,,,,,NO,,"Guaranteed minimum monthly pension of ₹1,000, ₹2,000, ₹3,000, ₹4,000, or ₹5,000 from age 60 based on contribution",NO,,,,NOT_APPLICABLE,,,,,,,FALSE,FALSE,FALSE,FALSE,FALSE,FALSE,THROUGH_BANK,https://www.npscra.nsdl.co.in/,https://enps.nsdl.com/,1. Approach bank branch or post office where savings account is held. 2. Fill APY registration form with Aadhaar and nominee details. 3. Select desired pension amount (₹1k-5k). 4. Auto-debit contribution setup.,"Savings Bank / Post Office Account, Aadhaar Card, Mobile Number, Auto-debit Mandate, Nominee Details",1800110069,https://www.npscra.nsdl.co.in/scheme-details.php,"Atal Pension Yojana (APY) Operational Guidelines, PFRDA","APY Operational Guidelines, PFRDA",1-4,Eligibility and Pension Tiers,2015-05-09,2015-06-01,,1.0,,A-to-Z Data Quality Audit & Provenance Verification against official GOI guidelines,2026-09-01,VERIFIED,ACTIVE,,,"apy, atal pension yojana, pension, unorganized worker, old age pension, guaranteed pension",,,HIGH
SIH26092-079,SIH26092-079,ADIP — Scheme of Assistance to Disabled Persons for Purchase/Fitting of Aids and Appliances,Disability Welfare & Assistive Devices Grant,"Free or subsidized modern assistive devices, tricycles, motorized tricycles, wheelchairs, and hearing aids for PwDs.","The ADIP Scheme assists needy persons with disabilities in procuring durable, sophisticated and scientifically manufactured standard aids and appliances (motorized tricycles, wheelchairs, hearing aids, smart canes, braille kits, artificial limbs, cochlear implants) to improve physical, social and psychological rehabilitation.","Assistive technology distribution, mobility enablement, and physical rehabilitation for Divyangjan.",Ministry of Social Justice and Empowerment,Ministry of Social Justice and Empowerment,DEPwD / ALIMCO / National Institutes / District Disability Rehabilitation Centres,"Persons with Disabilities (PwD >= 40% disability) with family monthly income up to ₹30,000",INDIVIDUAL,PWD,"PWD,DIVYANGJAN",NOT_APPLICABLE,FALSE,ALL,ALL,ALL,0,,360000,<=,ANNUAL_FAMILY_INCOME,ALL_INDIA,ALL_INDIA,ALL_INDIA,ALL_INDIA,SOCIAL_JUSTICE_AND_EMPOWERMENT,ASSISTIVE_DEVICES_AND_AIDS,NOT_APPLICABLE,NOT_APPLICABLE,FALSE,TRUE,TRUE,TRUE,FALSE,NOT_APPLICABLE,FALSE,FALSE,EQUIPMENT_GRANT,"100% free aids, prosthetics, motorized tricycles and assistive devices (up to ₹6 Lakh for cochlear implant) for PwDs.",NO,,,,,,,,,YES,100.0,"100% free modern motorized tricycles, wheelchairs, hearing aids, cochlear implants, and braille kits for disabled persons with monthly income up to ₹22,500",YES,600000,,,NOT_APPLICABLE,,,,,,,FALSE,FALSE,TRUE,TRUE,FALSE,FALSE,THROUGH_AUTHORIZED_AGENCY,https://adip.depwd.gov.in/,https://adip.depwd.gov.in/,1. Register on ADIP Portal or attend ALIMCO Assessment Camp. 2. Submit Disability Certificate / UDID card and Income Certificate. 3. Clinical assessment by rehabilitation specialist. 4. Free fitting & distribution of customized aid.,"Disability Certificate / UDID Card (>= 40% disability), Income Certificate (<= ₹30,000/month), Aadhaar Card, Passport-sized Photograph",18001805129,https://adip.depwd.gov.in/,"ADIP Scheme Guidelines, Department of Empowerment of Persons with Disabilities","ADIP Scheme Revised Guidelines, DEPwD",1-6,Eligibility and Assistance Scales,2022-04-01,2022-04-01,,2.0,,A-to-Z Data Quality Audit & Provenance Verification against official GOI guidelines,2026-09-01,VERIFIED,ACTIVE,,,"adip, disability aids, motorized tricycle, wheelchair, hearing aid, cochlear implant, depwd, alimco",,,HIGH
SIH26092-080,SIH26092-080,Deendayal Disabled Rehabilitation Scheme (DDRS),Grant-in-Aid for Disability Rehabilitation Projects,"Grant-in-aid to NGOs and institutions for running Special Schools, Vocational Training Centers, and Half-Way Homes for PwDs.","The Deendayal Disabled Rehabilitation Scheme provides financial assistance to non-governmental organizations and institutions providing educational, vocational, and rehabilitation services to persons with disabilities through Pre-School & Early Intervention Centers, Special Schools for Hearing/Visual/Intellectual Disabilities, Vocational Training Centers, and Community Based Rehabilitation.","Rehabilitation, special education, vocational training, and social integration of Divyangjan.",Ministry of Social Justice and Empowerment,Ministry of Social Justice and Empowerment,DEPwD / Voluntary Organizations / State Social Welfare Departments,Persons with Disabilities enrolled in Special Schools/VTCs and voluntary organizations,"INDIVIDUAL,COMMUNITY_GROUP,ENTERPRISE",PWD,"PWD,DIVYANGJAN,STUDENTS",NOT_APPLICABLE,FALSE,ALL,ALL,ALL,5,,,,,ALL_INDIA,ALL_INDIA,ALL_INDIA,ALL_INDIA,SOCIAL_JUSTICE_AND_EMPOWERMENT,SPECIAL_EDUCATION_AND_REHABILITATION,NOT_APPLICABLE,NOT_APPLICABLE,FALSE,TRUE,TRUE,TRUE,FALSE,NOT_APPLICABLE,TRUE,TRUE,GRANT,Grant-in-aid (up to 90% project cost) to voluntary organizations running special schools and vocational training centers for PwD.,NO,,,,,,,90,0,YES,90.0,"Financial grant-in-aid up to 90% of project cost to voluntary organizations running special schools, vocational training, and early intervention centres for Divyangjan",YES,,,,NOT_APPLICABLE,,,,,,,FALSE,FALSE,TRUE,TRUE,FALSE,FALSE,ONLINE,https://disabilityaffairs.gov.in/,https://disabilityaffairs.gov.in/,1. Approach local DDRS-supported Special School / VTC or District Social Welfare Office. 2. Submit admission application with Disability Certificate. 3. Free admission and rehabilitation care.,"Disability Certificate / UDID Card, Aadhaar Card, Age Proof / Birth Certificate, Passport Photograph",011-24369054,https://disabilityaffairs.gov.in/content/page/ddrs.php,"Deendayal Disabled Rehabilitation Scheme (DDRS) Guidelines, DEPwD","DDRS Revised Guidelines, DEPwD",1-12,Model Projects & Beneficiary Support,2021-04-01,2021-04-01,,1.0,,A-to-Z Data Quality Audit & Provenance Verification against official GOI guidelines,2026-09-01,VERIFIED,ACTIVE,,,"ddrs, special schools, disability rehabilitation, vtc, half-way home, divyangjan, depwd",,,HIGH
SIH26092-081,SIH26092-081,SIPDA — Scheme for Implementation of Persons with Disabilities Act,Accessible India & Disability Infrastructure Grant,"Grant support for creating barrier-free accessible public infrastructure, accessible websites, and Composite Regional Centres.","The Scheme for Implementation of Persons with Disabilities Act (SIPDA) provides financial assistance to central and state government bodies, universities, and public institutions for creating barrier-free environments (ramps, braille signs, accessible toilets, lifts, tactile flooring), retrofitting public websites for web accessibility standards, setting up District Disability Rehabilitation Centres (DDRCs) and Composite Regional Centres (CRCs).","Universal accessibility, barrier-free built environment, and institutional support under RPwD Act 2016.",Ministry of Social Justice and Empowerment,Ministry of Social Justice and Empowerment,DEPwD / CPWD / State PWDs / Universities,"All persons with disabilities, educational institutions, and public offices","INDIVIDUAL,COMMUNITY_GROUP,ENTERPRISE",PWD,"PWD,DIVYANGJAN,PUBLIC_INSTITUTIONS",NOT_APPLICABLE,FALSE,ALL,ALL,ALL,0,,,,,ALL_INDIA,ALL_INDIA,ALL_INDIA,ALL_INDIA,SOCIAL_JUSTICE_AND_EMPOWERMENT,BARRIER_FREE_ACCESSIBILITY,NOT_APPLICABLE,NOT_APPLICABLE,FALSE,TRUE,TRUE,TRUE,FALSE,NOT_APPLICABLE,TRUE,TRUE,GRANT; ACCESSIBILITY,"100% financial grant for barrier-free accessible government buildings, public spaces and Braille/sign language resources.",NO,,,,,,,100,0,YES,100.0,"100% financial grant assistance for barrier-free environment creation in government buildings, websites, and transport",YES,,,,NOT_APPLICABLE,,,,,,,FALSE,FALSE,TRUE,TRUE,FALSE,FALSE,THROUGH_AUTHORIZED_AGENCY,https://disabilityaffairs.gov.in/,https://disabilityaffairs.gov.in/,1. Institutions submit proposal through State Social Welfare Dept. 2. Review and sanction by DEPwD Project Screening Committee. 3. Direct grant release for accessibility retrofitting.,"Institutional Proposal, Detailed Project Report, Technical Estimates by PWD/CPWD, Utilization Certificate",011-24369054,https://disabilityaffairs.gov.in/content/page/sipda.php,"SIPDA Scheme Guidelines, Department of Empowerment of Persons with Disabilities","SIPDA Guidelines, DEPwD, MoSJE",1-8,Eligibility and Project Components,2021-04-01,2021-04-01,,1.0,,A-to-Z Data Quality Audit & Provenance Verification against official GOI guidelines,2026-09-01,VERIFIED,ACTIVE,,,"sipda, accessible india, barrier free, accessible toilets, ramps, disability affairs, depwd",,,MEDIUM
SIH26092-082,SIH26092-082,National Means-cum-Merit Scholarship Scheme (NMMSS),National School Scholarship Scheme,"Merit scholarship of ₹12,000 per annum for meritorious students of economically weaker sections from Class 9 to 12.","The National Means-cum-Merit Scholarship Scheme awards 1,00,000 scholarships annually to meritorious students from economically weaker sections to arrest dropouts at class 8 and encourage them to continue study at secondary stage. Selected students receive ₹12,000 per annum from class 9 till class 12 via DBT through the National Scholarship Portal (NSP).","Secondary education scholarship, dropout prevention, and merit reward for economically weaker students.",Ministry of Education,Ministry of Education,Department of School Education & Literacy / State Education Departments,Meritorious students studying in Class 8 in Govt/Govt-aided schools with parental annual income <= ₹3.5 Lakh,INDIVIDUAL,EWS,"STUDENTS,EWS,LOW_INCOME",NOT_APPLICABLE,FALSE,ALL,ALL,ALL,12,18,350000,<=,ANNUAL_FAMILY_INCOME,ALL_INDIA,ALL_INDIA,ALL_INDIA,ALL_INDIA,EDUCATION_AND_SCHOLARSHIP,SCHOOL_EDUCATION_SCHOLARSHIP,NOT_APPLICABLE,NOT_APPLICABLE,FALSE,TRUE,TRUE,TRUE,FALSE,NOT_APPLICABLE,TRUE,FALSE,SCHOLARSHIP,"Scholarship of ₹12,000 per annum (₹1,000/month) for meritorious students of economically weaker sections from Class 9 to 12.",NO,,,,,,,100,0,NO,,"₹12,000 per annum (₹1,000 per month) scholarship for meritorious students from economically weaker sections studying in Classes 9 to 12 via DBT",YES,12000,,,NOT_APPLICABLE,,,,,,,FALSE,FALSE,FALSE,FALSE,FALSE,FALSE,ONLINE,https://scholarships.gov.in/,https://scholarships.gov.in/,1. Appear for State-level NMMSS selection exam in Class 8. 2. Register on National Scholarship Portal (NSP) with roll number and Aadhaar. 3. School and district verification. 4. Annual DBT scholarship disbursement.,"Class 8 Marksheet / Selection Roll Number, Income Certificate (<= ₹3.5 Lakh), Aadhaar Card, Bank Account Passbook (Student / Joint with parent)",0120-6619540,https://scholarships.gov.in/,"Top Class Education Scheme for SC Students Guidelines, MoSJE","NMMSS Revised Scheme Guidelines, MoE",1-5,Eligibility Criteria and Examination Pattern,2022-04-01,2022-04-01,,1.0,,A-to-Z Data Quality Audit & Provenance Verification against official GOI guidelines,2026-09-01,VERIFIED,ACTIVE,,,"nmmss, means cum merit scholarship, school scholarship, class 9 to 12, education scholarship, nsp",,,HIGH
SIH26092-083,SIH26092-083,Central Sector Interest Subsidy (CSIS) Scheme for Higher Education Loans,Higher Education Interest Subsidy Scheme,100% interest subsidy during course and moratorium period on education loans up to ₹7.5 Lakh for EWS students.,The Central Sector Interest Subsidy (CSIS) Scheme provides full interest subsidy during the moratorium period (course duration + 1 year) on educational loans availed from scheduled banks by students belonging to Economically Weaker Sections (parental income up to ₹4.5 Lakh) for pursuing recognized professional and technical courses in India.,"Higher education financing, interest relief during study period, and educational equity for poor students.",Ministry of Education,Ministry of Education,Canara Bank (Nodal Bank) / All Scheduled Commercial Banks,EWS students with parental annual income up to ₹4.5 Lakh enrolled in professional/technical degree courses in India,INDIVIDUAL,EWS,"STUDENTS,EWS,LOW_INCOME",NOT_APPLICABLE,FALSE,ALL,ALL,ALL,17,35,450000,<=,ANNUAL_FAMILY_INCOME,ALL_INDIA,ALL_INDIA,ALL_INDIA,ALL_INDIA,EDUCATION_AND_SCHOLARSHIP,HIGHER_EDUCATION_LOAN_SUBSIDY,NOT_APPLICABLE,NOT_APPLICABLE,FALSE,TRUE,TRUE,TRUE,FALSE,NOT_APPLICABLE,TRUE,FALSE,LOAN; SUBSIDY,100% interest subsidy during the moratorium period (course period + 1 year) for education loans up to ₹7.5 Lakh.,YES,,,100000.0,750000.0,100000.0,750000.0,100,0,YES,100.0,100% full interest subsidy during moratorium period (course period plus 1 year) on educational loans up to ₹7.5 Lakh for EWS students,NO,,11.5,11.5,MCLR_LINKED,120,180,MONTHLY,12,60,SUBSIDIZED_ZERO_INTEREST,FALSE,FALSE,FALSE,FALSE,FALSE,FALSE,THROUGH_BANK,https://www.vidyalakshmi.co.in/,https://www.vidyalakshmi.co.in/,1. Apply for Education Loan on Vidya Lakshmi Portal. 2. Upload Income Certificate (<= ₹4.5 Lakh) issued by authorized Revenue Authority. 3. Bank sanctions loan and claims CSIS interest subsidy through Canara Bank CSIS Portal.,"Income Certificate issued by designated State Authority, Admission Letter of recognized professional course, Aadhaar Card, Pan Card, 10th & 12th Marksheets",18004250018,https://www.vidyalakshmi.co.in/,"Pradhan Mantri Vidya Lakshmi Karyakram Portal, DFS & MoE","CSIS Operational Guidelines, MoE",1-4,Eligibility and Moratorium Rules,2021-04-01,2021-04-01,,1.0,,A-to-Z Data Quality Audit & Provenance Verification against official GOI guidelines,2026-09-01,VERIFIED,ACTIVE,,,"csis, vidya lakshmi, education loan subsidy, interest subsidy, higher education, ews student loan",,,HIGH
SIH26092-084,SIH26092-084,Coir Vikas Yojana (CVY) — Mahila Coir Yojana & Skill Upgradation,Women Rural Enterprise & Skill Scheme,75% equipment subsidy on motorized coir spinning ratts for women artisans and comprehensive coir skill training.,"Coir Vikas Yojana is an umbrella scheme by the Coir Board promoting coir industry development through Skill Upgradation, Mahila Coir Yojana (MCY), and Export Market Promotion. Under Mahila Coir Yojana, rural women artisans receive 75% subsidy for procuring motorized coir ratts, motorized traditional ratts, and spinning equipment with skill stipend.","Livelihood creation for rural women artisans, modern equipment adoption, and coir industry modernization.","Ministry of Micro, Small and Medium Enterprises","Ministry of Micro, Small and Medium Enterprises",Coir Board / State Coir Directorates,"Rural women artisans, traditional coir workers, SHGs, and coir entrepreneurs","INDIVIDUAL,COMMUNITY_GROUP,ENTERPRISE",WOMEN,"WOMEN,ARTISANS,COIR_WORKERS,RURAL_PRODUCERS",ARTISAN_AND_MICRO,FALSE,ALL,FEMALE_PREFERRED,ALL,18,,,,,ALL_INDIA,ALL_INDIA,ALL_INDIA,ALL_INDIA,HANDLOOMS_HANDICRAFTS_AND_COIR,COIR_PROCESSING_AND_SPINNING,"MANUFACTURING,PROCESSING",BOTH,FALSE,TRUE,TRUE,TRUE,FALSE,MICRO,FALSE,TRUE,SUBSIDY; TRAINING,75% capital subsidy on motorized coir spinning ratts/looms and skill development training stipend for women coir artisans.,NO,10000,100000,,,,,75,25,YES,75.0,75% government subsidy on cost of motorized coir spinning ratts / equipment with two months free skill training and monthly stipend,YES,75000,,,NOT_APPLICABLE,,,,,,,FALSE,FALSE,TRUE,TRUE,TRUE,FALSE,THROUGH_AUTHORIZED_AGENCY,https://coirboard.gov.in/,https://coirboard.gov.in/,1. Apply on Coir Board portal or at Regional Extension Centre. 2. Undergo 2-month coir spinning skill training. 3. Receive subsidized motorized ratt equipment.,"Aadhaar Card, Bank Passbook, Coir Board Training Certificate / Experience Proof, Passport-sized Photographs",0484-2351988,https://coirboard.gov.in/?page_id=219,"Coir Vikas Yojana Guidelines, Coir Board","CVY Operational Guidelines, Coir Board",1-6,Mahila Coir Yojana and Training Guidelines,2021-04-01,2021-04-01,,1.0,,A-to-Z Data Quality Audit & Provenance Verification against official GOI guidelines,2026-09-01,VERIFIED,ACTIVE,,,"cvy, coir vikas yojana, mahila coir yojana, coir board, women artisans, spinning ratt, msme",,,MEDIUM
SIH26092-085,SIH26092-085,MSME Competitive (LEAN) Scheme,Manufacturing Competitiveness & Productivity Scheme,"90% government subsidy on consultant and implementation fees for Basic, Intermediate, and Advanced Lean manufacturing techniques.","The MSME Competitive (LEAN) Scheme encourages micro, small, and medium manufacturing enterprises to implement Lean manufacturing tools and techniques (5S, Kaizen, Kanban, Visual Workplace, Poka-Yoke, TPM) to reduce waste, increase productivity, improve quality, and enhance market competitiveness.","Productivity enhancement, waste reduction, quality improvement, and competitive excellence for manufacturing MSMEs.","Ministry of Micro, Small and Medium Enterprises","Ministry of Micro, Small and Medium Enterprises",DC MSME / Quality Council of India (QCI) / National Productivity Council (NPC),Manufacturing MSMEs with valid Udyam Registration,ENTERPRISE,ALL,"MSME_ENTREPRENEURS,MANUFACTURERS",MANUFACTURING_MSME,FALSE,ALL,ALL,ALL,18,,,,,ALL_INDIA,ALL_INDIA,ALL_INDIA,ALL_INDIA,MANUFACTURING_AND_MSME,LEAN_MANUFACTURING_CERTIFICATION,MANUFACTURING,EXISTING_ONLY,FALSE,FALSE,TRUE,TRUE,TRUE,"MICRO,SMALL,MEDIUM",FALSE,FALSE,SUBSIDY; CONSULTANCY,"90% government subsidy on consultant implementation fees for Basic, Intermediate and Advanced Lean manufacturing techniques.",NO,,,,,,,90,10,YES,90.0,90% government contribution for implementation of Lean manufacturing techniques through certified consultants,YES,216000,,,NOT_APPLICABLE,,,,,,,FALSE,FALSE,TRUE,FALSE,TRUE,FALSE,ONLINE,https://champions.gov.in/,https://champions.gov.in/,1. Log on to Champions Portal using Udyam Registration Number. 2. Take Lean Pledge and choose level (Basic/Intermediate/Advanced). 3. QCI/NPC assigns empanelled Lean consultant. 4. Implement Lean tools & receive subsidy reimbursement.,"Udyam Registration Certificate, PAN Card of Enterprise, Bank Account Details of Enterprise, Aadhaar of Authorized Signatory",011-23063288,https://champions.gov.in/,"CHAMPIONS Portal for MSMEs, Ministry of MSME","MSME LEAN Scheme Guidelines, DC MSME",1-8,Financial Assistance and Implementation Matrix,2023-03-10,2023-03-10,,1.0,,A-to-Z Data Quality Audit & Provenance Verification against official GOI guidelines,2026-09-01,VERIFIED,ACTIVE,,,"msme lean, lean manufacturing, 5s kaizen, qci, productivity, dc msme, champions portal",,,MEDIUM
SIH26092-086,SIH26092-086,MSME Trade Enablement and Marketing (TEAM) Scheme on ONDC,Digital Commerce & Market Linkage Scheme,"Financial assistance up to ₹5 Lakh for micro & small enterprises to onboard, catalog, and sell on the ONDC digital network.","The MSME TEAM Scheme facilitates 5,00,000 Micro and Small Enterprises (MSEs) to transition to digital commerce through the Open Network for Digital Commerce (ONDC), providing financial support for catalog preparation, product photoshoot, digital marketing, packaging, and logistics subsidies, with special focus on SC/ST, Women, and Aspirational District entrepreneurs.","E-commerce onboarding, market access, brand visibility, and digital sales enablement on ONDC.","Ministry of Micro, Small and Medium Enterprises","Ministry of Micro, Small and Medium Enterprises",NSIC / Open Network for Digital Commerce (ONDC),Micro and Small Enterprises with valid Udyam Registration (focus on SC/ST/Women MSEs),ENTERPRISE,ALL,"MSE_ENTREPRENEURS,SC,ST,WOMEN,ARTISANS",MICRO_AND_SMALL_ENTERPRISE,FALSE,ALL,ALL,ALL,18,,,,,ALL_INDIA,ALL_INDIA,ALL_INDIA,ALL_INDIA,COMMERCE_AND_RETAIL,DIGITAL_COMMERCE_ONDC,"MANUFACTURING,SERVICES,TRADING",BOTH,FALSE,TRUE,TRUE,TRUE,TRUE,"MICRO,SMALL",FALSE,FALSE,SUBSIDY; DIGITAL_ONBOARDING,"Financial assistance for cataloging, product packaging, logistics and digital marketing on ONDC e-commerce network.",NO,,,,,,,100,0,YES,100.0,"100% financial assistance for digital cataloguing, packaging design, logistics integration, and seller onboarding onto ONDC network",YES,500000,,,NOT_APPLICABLE,,,,,,,FALSE,FALSE,TRUE,FALSE,TRUE,FALSE,ONLINE,https://team.msme.gov.in/,https://team.msme.gov.in/,1. Register on MSME TEAM portal with Udyam Registration Number. 2. Select preferred ONDC Seller Network Participant (SNP). 3. Complete digital cataloging. 4. Receive marketing & logistics support.,"Udyam Registration Certificate, GST Certificate (if applicable), Bank Account details, Product list and specifications",18001020224,https://team.msme.gov.in/,"Trade Enablement and Marketing (TEAM) Initiative, Ministry of MSME","MSME TEAM Scheme Guidelines, MoMSME",1-6,Financial Assistance and Onboarding Framework,2024-06-27,2024-06-27,,1.0,,A-to-Z Data Quality Audit & Provenance Verification against official GOI guidelines,2026-09-01,VERIFIED,ACTIVE,,,"msme team, ondc, digital commerce, nsic, e-commerce, udyam, marketing subsidy",,,HIGH
SIH26092-087,SIH26092-087,Pradhan Mantri Matru Vandana Yojana (PMMVY - Mission Shakti),Maternity Benefit Direct Cash Transfer Scheme,"Direct Cash Benefit of ₹5,000 to ₹6,000 for pregnant women and lactating mothers for health, nutrition, and wage support.","Pradhan Mantri Matru Vandana Yojana is a Centrally Sponsored DBT scheme under Mission Shakti (Samarthya) providing ₹5,000 in two installments for the first living child, and ₹6,000 in a single installment for the second child if it is a girl child, to pregnant women and lactating mothers from socially and economically disadvantaged backgrounds.","Maternal health, wage compensation, early childhood immunization, and prevention of female foeticide.",Ministry of Women and Child Development,Ministry of Women and Child Development,MWCD / State Women & Child Development Departments / Anganwadi Centres,Pregnant Women and Lactating Mothers (PW&LM) with family income <= ₹8 Lakh or belonging to SC/ST/PwD/BPL,INDIVIDUAL,WOMEN,"WOMEN,PREGNANT_WOMEN,MOTHERS,BPL,SC,ST",NOT_APPLICABLE,FALSE,ALL,FEMALE_ONLY,FEMALE,19,45,800000,<=,ANNUAL_FAMILY_INCOME,ALL_INDIA,ALL_INDIA,ALL_INDIA,ALL_INDIA,WOMEN_AND_CHILD_DEVELOPMENT,MATERNITY_CASH_TRANSFER,NOT_APPLICABLE,NOT_APPLICABLE,FALSE,TRUE,TRUE,TRUE,FALSE,NOT_APPLICABLE,FALSE,FALSE,DIRECT_CASH_BENEFIT,"Direct cash incentive of ₹5,000 in 2 installments for pregnant women and lactating mothers for the first live birth (₹6,000 for girl child).",NO,,,,,,,100,0,NO,,"Direct cash incentive of ₹5,000 in two installments for first live birth and ₹6,000 in one installment for second child if girl child via DBT",YES,6000,,,NOT_APPLICABLE,,,,,,,FALSE,FALSE,FALSE,FALSE,FALSE,FALSE,ONLINE,https://pmmvy.wcd.gov.in/,https://pmmvy.wcd.gov.in/,1. Register on PMMVY Citizen Portal or at local Anganwadi Centre / ASHA worker. 2. Submit MCP Card and Aadhaar details. 3. Verification by Anganwadi Worker / CDPO. 4. Direct DBT transfer into bank account.,"Mother and Child Protection (MCP) Card, Aadhaar Card of Beneficiary & Husband, Bank Account Passbook (Aadhaar linked), Income / Eligibility Proof (e-Shram / Ration Card / SC-ST / PMJAY card)",1098 / 011-23382393,https://pmmvy.wcd.gov.in/,"Pradhan Mantri Matru Vandana Yojana (PMMVY) Guidelines, MoWCD","Mission Shakti PMMVY Operational Guidelines, MWCD",1-10,Eligibility and Installment Structure,2022-07-14,2022-04-01,,2.0,,A-to-Z Data Quality Audit & Provenance Verification against official GOI guidelines,2026-09-01,VERIFIED,ACTIVE,,,"pmmvy, matru vandana, maternity benefit, pregnant women, dbt cash benefit, mission shakti, mwcd",,,HIGH
SIH26092-088,SIH26092-088,Sukanya Samriddhi Yojana (SSY),Girl Child Small Savings & Welfare Deposit Scheme,High-interest small savings scheme (8.2% p.a.) with tax exemption for higher education and marriage of the girl child.,"Sukanya Samriddhi Yojana is a government-backed small deposit scheme launched under the Beti Bachao Beti Padhao campaign, designed exclusively for the financial empowerment and security of girl children. Accounts can be opened by parents for girls below 10 years of age, offering high sovereign-guaranteed compound interest (8.2% p.a.) and full EEE tax exemption under Section 80C.","Financial security, higher education corpus accumulation, and marriage expense fund for girl children.",Ministry of Finance,Ministry of Finance,Department of Posts (Post Offices) / All Commercial Banks,"Girl child below 10 years of age (opened by parent/guardian, max 2 girls per family)",INDIVIDUAL,WOMEN,"GIRL_CHILD,WOMEN,CHILDREN",NOT_APPLICABLE,FALSE,ALL,FEMALE_ONLY,FEMALE,0,10,,,,ALL_INDIA,ALL_INDIA,ALL_INDIA,ALL_INDIA,FINANCIAL_SERVICES,GIRL_CHILD_SAVINGS,NOT_APPLICABLE,NOT_APPLICABLE,FALSE,TRUE,TRUE,TRUE,FALSE,NOT_APPLICABLE,TRUE,FALSE,SAVINGS_DEPOSIT,Sovereign government small savings deposit scheme for girl child with 8.2% annual compounded tax-free interest under EEE regime.,NO,,,,,,,,,NO,,Government guaranteed sovereign small savings yield of 8.2% p.a. compounded annually with complete triple-tax-free status (EEE) under Section 80C,NO,,,,NOT_APPLICABLE,,,,,,,FALSE,FALSE,FALSE,FALSE,FALSE,FALSE,THROUGH_BANK,https://www.indiapost.gov.in/,https://www.indiapost.gov.in/,1. Visit nearest Post Office or authorized commercial bank branch. 2. Fill SSY Account Opening Form (Form-1). 3. Submit Birth Certificate of girl child and KYC of parents with initial deposit of min ₹250. 4. Collect SSY Passbook.,"Birth Certificate of Girl Child, Aadhaar Card and PAN of Parent/Guardian, Address Proof, Passport Photographs",18002666868,https://www.indiapost.gov.in/Financial/Pages/Content/Post-Office-Saving-Schemes.aspx,"Mahila Samman Savings Certificate Guidelines, Department of Posts & MoF","Sukanya Samriddhi Account Scheme Rules, Department of Economic Affairs",1-4,"Eligibility, Deposit Limits & Interest Rules",2019-12-12,2019-12-12,,1.0,,A-to-Z Data Quality Audit & Provenance Verification against official GOI guidelines,2026-09-01,VERIFIED,ACTIVE,,,"ssy, sukanya samriddhi, girl child savings, beti bachao beti padhao, tax exemption 80c, high interest post office",,,HIGH
SIH26092-089,SIH26092-089,Lakhpati Didi Rural SHG Micro-Enterprise Initiative (DAY-NRLM),Women SHG Enterprise & Livelihoods Scheme,Mission to enable 3 Crore rural women SHG members to earn sustainable annual income of ₹1 Lakh or more through micro-enterprises.,"Lakhpati Didi is a flagship economic empowerment initiative under DAY-NRLM aiming to enable rural women Self Help Group (SHG) members to earn a sustainable income of at least ₹1,00,000 per year by providing diversified livelihood planning, skill training (drone pilot, tailoring, food processing, agri-allied), revolving funds, Community Investment Fund (CIF), and bank credit linkage without collateral.","Rural women micro-entrepreneurship, sustainable income enhancement, value chain aggregation, and women empowerment.",Ministry of Rural Development,Ministry of Rural Development,Deendayal Antyodaya Yojana - National Rural Livelihoods Mission (DAY-NRLM) / State SRLMs,Rural Women Self Help Group (SHG) members across India,"INDIVIDUAL,COMMUNITY_GROUP",WOMEN,"WOMEN,SHG_MEMBERS,RURAL_WORKERS,ARTISANS,FARMERS",RURAL_WOMEN_MICRO_ENTREPRENEUR,FALSE,ALL,FEMALE_ONLY,FEMALE,18,60,,,,ALL_INDIA,ALL_INDIA,ALL_INDIA,ALL_INDIA,RURAL_LIVELIHOODS_AND_MICROENTERPRISE,FARM_AND_NON_FARM_MICRO_ENTERPRISE,"MANUFACTURING,SERVICES,TRADING,PROCESSING",BOTH,FALSE,TRUE,TRUE,TRUE,FALSE,MICRO,FALSE,TRUE,LOAN; SUBSIDY; TRAINING,Special rural livelihood SHG credit linkage up to ₹10 Lakh to support women in earning sustainable annual income of ₹1 Lakh+.,YES,25000,1000000,100000.0,1000000.0,100000.0,1000000.0,100,0,YES,5.0,"Bank linkage loans up to ₹10 Lakh with interest subvention at 7% p.a., seed capital support, community investment fund, and digital/market linkage",NO,50000,7.0,7.0,SUBSIDIZED_RATE,36,60,MONTHLY,6,6,STANDARD,FALSE,FALSE,TRUE,TRUE,TRUE,TRUE,THROUGH_BANK,https://nrlm.gov.in/,https://nrlm.gov.in/,1. Approach local Village Organization (VO) / Cluster Level Federation (CLF) or Gram Panchayat. 2. Prepare Micro-Investment Plan (MIP). 3. Sanction through SHG internal lending / bank linkage. 4. Enterprise setup and training.,"SHG Membership Passbook, Aadhaar Card, Bank Account Details, Micro-Investment Plan (MIP) approved by SHG",011-23381614,https://nrlm.gov.in/lakhpatididi,"Lakhpati Didi Initiative Guidelines, Ministry of Rural Development","Lakhpati Didi Strategy Document, Ministry of Rural Development",1-14,Enterprise Support and Livelihood Diversification,2023-08-15,2023-08-15,,1.0,,A-to-Z Data Quality Audit & Provenance Verification against official GOI guidelines,2026-09-01,VERIFIED,ACTIVE,,,"lakhpati didi, day-nrlm, women shg, rural enterprise, collateral free loan, interest subvention, mord",,,HIGH
SIH26092-090,SIH26092-090,Ayushman Bharat — Pradhan Mantri Jan Arogya Yojana (AB-PMJAY),National Health Protection Scheme,Cashless health insurance cover of ₹5 Lakh per family per year for secondary and tertiary hospital care.,"Ayushman Bharat PM-JAY is the world's largest government-funded health assurance scheme providing a health cover of ₹5,00,000 per family per year for secondary and tertiary care hospitalization across 28,000+ empaneled public and private hospitals to over 12 crore poor and vulnerable families (and all senior citizens aged 70+ years regardless of income).","Universal health coverage, catastrophic health expense mitigation, and cashless hospitalization for poor citizens and elderly.",Ministry of Health and Family Welfare,Ministry of Health and Family Welfare,National Health Authority / State Health Agencies (SHAs),Poor and vulnerable families identified via SECC / Ration database and all senior citizens aged 70+ years,"INDIVIDUAL,COMMUNITY_GROUP",ALL,"ALL_CITIZENS,LOW_INCOME,BPL,SENIOR_CITIZENS",NOT_APPLICABLE,FALSE,ALL,ALL,ALL,0,,,,,ALL_INDIA,ALL_INDIA,ALL_INDIA,ALL_INDIA,HEALTHCARE_AND_FAMILY_WELFARE,HEALTH_ASSURANCE_AND_HOSPITALIZATION,NOT_APPLICABLE,NOT_APPLICABLE,FALSE,TRUE,TRUE,TRUE,FALSE,NOT_APPLICABLE,FALSE,FALSE,HEALTH_INSURANCE,100% cashless health insurance coverage up to ₹5 Lakh per family per year for secondary and tertiary hospitalizations.,NO,,,,,,,100,0,NO,,"100% cashless health insurance cover up to ₹5,00,000 per family per year for secondary and tertiary hospitalization across empanelled public and private hospitals",NO,500000,,,NOT_APPLICABLE,,,,,,,FALSE,FALSE,FALSE,FALSE,FALSE,FALSE,ONLINE,https://pmjay.gov.in/,https://beneficiary.nha.gov.in/,"1. Check eligibility on beneficiary.nha.gov.in or visit empaneled hospital Ayushman Mitra desk. 2. Complete Aadhaar e-KYC. 3. Download Ayushman Card. 4. Avail cashless treatment across 28,000+ empaneled hospitals.","Aadhaar Card, Ration Card / Family ID, Mobile Number for OTP Verification",14555 / 1800111565,https://pmjay.gov.in/,"Ayushman Bharat - PM-JAY Guidelines, National Health Authority (NHA)","PM-JAY Scheme Guidelines, NHA, MoHFW",1-12,Eligibility and Package Coverage,2018-09-23,2018-09-23,,2.0,,A-to-Z Data Quality Audit & Provenance Verification against official GOI guidelines,2026-09-01,VERIFIED,ACTIVE,,,"pmjay, ayushman bharat, health insurance, 5 lakh cover, cashless treatment, nha, senior citizen 70+",,,HIGH
