partner_id,partner_name,scheme_id,service_type,authorization_level,source_url,verification_status
073c0a06-889f-4693-9213-751c6cdf7d38,Chandigarh Chandigarh SCs,SIH26092-010,FINANCING,SCHEME_ROUTE_VERIFIED,https://nsfdc.nic.in/storage/channel-partners/attachments/20260401_164458_Ip6UJm.pdf,VERIFIED_OFFICIAL
073c0a06-889f-4693-9213-751c6cdf7d38,Chandigarh Chandigarh SCs,SIH26092-053,FINANCING,SCHEME_ROUTE_VERIFIED,https://nsfdc.nic.in/storage/channel-partners/attachments/20260401_164458_Ip6UJm.pdf,VERIFIED_OFFICIAL
073c0a06-889f-4693-9213-751c6cdf7d38,Chandigarh Chandigarh SCs,SIH26092-054,FINANCING,SCHEME_ROUTE_VERIFIED,https://nsfdc.nic.in/storage/channel-partners/attachments/20260401_164458_Ip6UJm.pdf,VERIFIED_OFFICIAL
073c0a06-889f-4693-9213-751c6cdf7d38,Chandigarh Chandigarh SCs,SIH26092-055,FINANCING,SCHEME_ROUTE_VERIFIED,https://nsfdc.nic.in/storage/channel-partners/attachments/20260401_164458_Ip6UJm.pdf,VERIFIED_OFFICIAL
073c0a06-889f-4693-9213-751c6cdf7d38,Chandigarh Chandigarh SCs,SIH26092-056,FINANCING,SCHEME_ROUTE_VERIFIED,https://nsfdc.nic.in/storage/channel-partners/attachments/20260401_164458_Ip6UJm.pdf,VERIFIED_OFFICIAL
0a46cfdd-0140-4eeb-8794-91d667dcad40,Sikkim Sikkim Scheduled Castes Bhanupath,SIH26092-010,FINANCING,SCHEME_ROUTE_VERIFIED,https://nsfdc.nic.in/storage/channel-partners/attachments/20260401_164458_Ip6UJm.pdf,VERIFIED_OFFICIAL
0a46cfdd-0140-4eeb-8794-91d667dcad40,Sikkim Sikkim Scheduled Castes Bhanupath,SIH26092-053,FINANCING,SCHEME_ROUTE_VERIFIED,https://nsfdc.nic.in/storage/channel-partners/attachments/20260401_164458_Ip6UJm.pdf,VERIFIED_OFFICIAL
0a46cfdd-0140-4eeb-8794-91d667dcad40,Sikkim Sikkim Scheduled Castes Bhanupath,SIH26092-054,FINANCING,SCHEME_ROUTE_VERIFIED,https://nsfdc.nic.in/storage/channel-partners/attachments/20260401_164458_Ip6UJm.pdf,VERIFIED_OFFICIAL
0a46cfdd-0140-4eeb-8794-91d667dcad40,Sikkim Sikkim Scheduled Castes Bhanupath,SIH26092-055,FINANCING,SCHEME_ROUTE_VERIFIED,https://nsfdc.nic.in/storage/channel-partners/attachments/20260401_164458_Ip6UJm.pdf,VERIFIED_OFFICIAL
0a46cfdd-0140-4eeb-8794-91d667dcad40,Sikkim Sikkim Scheduled Castes Bhanupath,SIH26092-056,FINANCING,SCHEME_ROUTE_VERIFIED,https://nsfdc.nic.in/storage/channel-partners/attachments/20260401_164458_Ip6UJm.pdf,VERIFIED_OFFICIAL
0ae9941f-fbf2-4efc-8faf-a137d091e4d0,West Bengal Gramin Bank No.441,SIH26092-001,FINANCING,SCHEME_ROUTE_VERIFIED,https://nsfdc.nic.in/storage/channel-partners/attachments/20260401_163145_9tiTZM.pdf,VERIFIED_OFFICIAL
0ae9941f-fbf2-4efc-8faf-a137d091e4d0,West Bengal Gramin Bank No.441,SIH26092-002,FINANCING,SCHEME_ROUTE_VERIFIED,https://nsfdc.nic.in/storage/channel-partners/attachments/20260401_163145_9tiTZM.pdf,VERIFIED_OFFICIAL
0ae9941f-fbf2-4efc-8faf-a137d091e4d0,West Bengal Gramin Bank No.441,SIH26092-052,FINANCING,SCHEME_ROUTE_VERIFIED,https://nsfdc.nic.in/storage/channel-partners/attachments/20260401_163145_9tiTZM.pdf,VERIFIED_OFFICIAL
0ae9941f-fbf2-4efc-8faf-a137d091e4d0,West Bengal Gramin Bank No.441,SIH26092-053,FINANCING,SCHEME_ROUTE_VERIFIED,https://nsfdc.nic.in/storage/channel-partners/attachments/20260401_163145_9tiTZM.pdf,VERIFIED_OFFICIAL
0ae9941f-fbf2-4efc-8faf-a137d091e4d0,West Bengal Gramin Bank No.441,SIH26092-055,FINANCING,SCHEME_ROUTE_VERIFIED,https://nsfdc.nic.in/storage/channel-partners/attachments/20260401_163145_9tiTZM.pdf,VERIFIED_OFFICIAL
0c63b32c-1786-4832-8f35-c749ba391ba9,Tamil Nadu Tamil Nadu Adi Dravidar No.31,SIH26092-010,FINANCING,SCHEME_ROUTE_VERIFIED,https://nsfdc.nic.in/storage/channel-partners/attachments/20260401_164458_Ip6UJm.pdf,VERIFIED_OFFICIAL
0c63b32c-1786-4832-8f35-c749ba391ba9,Tamil Nadu Tamil Nadu Adi Dravidar No.31,SIH26092-053,FINANCING,SCHEME_ROUTE_VERIFIED,https://nsfdc.nic.in/storage/channel-partners/attachments/20260401_164458_Ip6UJm.pdf,VERIFIED_OFFICIAL
0c63b32c-1786-4832-8f35-c749ba391ba9,Tamil Nadu Tamil Nadu Adi Dravidar No.31,SIH26092-054,FINANCING,SCHEME_ROUTE_VERIFIED,https://nsfdc.nic.in/storage/channel-partners/attachments/20260401_164458_Ip6UJm.pdf,VERIFIED_OFFICIAL
0c63b32c-1786-4832-8f35-c749ba391ba9,Tamil Nadu Tamil Nadu Adi Dravidar No.31,SIH26092-055,FINANCING,SCHEME_ROUTE_VERIFIED,https://nsfdc.nic.in/storage/channel-partners/attachments/20260401_164458_Ip6UJm.pdf,VERIFIED_OFFICIAL
0c63b32c-1786-4832-8f35-c749ba391ba9,Tamil Nadu Tamil Nadu Adi Dravidar No.31,SIH26092-056,FINANCING,SCHEME_ROUTE_VERIFIED,https://nsfdc.nic.in/storage/channel-partners/attachments/20260401_164458_Ip6UJm.pdf,VERIFIED_OFFICIAL
12401b23-5a1c-4bd3-b854-07ca88dab8bb,Mumbai – 400 021,SIH26092-001,FINANCING,SCHEME_ROUTE_VERIFIED,https://nsfdc.nic.in/storage/channel-partners/attachments/20260408_100623_Bea3za.pdf,VERIFIED_OFFICIAL
12401b23-5a1c-4bd3-b854-07ca88dab8bb,Mumbai – 400 021,SIH26092-002,FINANCING,SCHEME_ROUTE_VERIFIED,https://nsfdc.nic.in/storage/channel-partners/attachments/20260408_100623_Bea3za.pdf,VERIFIED_OFFICIAL
12401b23-5a1c-4bd3-b854-07ca88dab8bb,Mumbai – 400 021,SIH26092-003,FINANCING,SCHEME_ROUTE_VERIFIED,https://nsfdc.nic.in/storage/channel-partners/attachments/20260408_100623_Bea3za.pdf,VERIFIED_OFFICIAL
12401b23-5a1c-4bd3-b854-07ca88dab8bb,Mumbai – 400 021,SIH26092-053,FINANCING,SCHEME_ROUTE_VERIFIED,https://nsfdc.nic.in/storage/channel-partners/attachments/20260408_100623_Bea3za.pdf,VERIFIED_OFFICIAL
12401b23-5a1c-4bd3-b854-07ca88dab8bb,Mumbai – 400 021,SIH26092-055,FINANCING,SCHEME_ROUTE_VERIFIED,https://nsfdc.nic.in/storage/channel-partners/attachments/20260408_100623_Bea3za.pdf,VERIFIED_OFFICIAL
12401b23-5a1c-4bd3-b854-07ca88dab8bb,Mumbai – 400 021,SIH26092-056,FINANCING,SCHEME_ROUTE_VERIFIED,https://nsfdc.nic.in/storage/channel-partners/attachments/20260408_100623_Bea3za.pdf,VERIFIED_OFFICIAL
176c9127-6440-40f2-9461-57d84448e38f,Bihar Gramin Bank,SIH26092-001,FINANCING,SCHEME_ROUTE_VERIFIED,https://nsfdc.nic.in/storage/channel-partners/attachments/20260401_163145_9tiTZM.pdf,VERIFIED_OFFICIAL
176c9127-6440-40f2-9461-57d84448e38f,Bihar Gramin Bank,SIH26092-002,FINANCING,SCHEME_ROUTE_VERIFIED,https://nsfdc.nic.in/storage/channel-partners/attachments/20260401_163145_9tiTZM.pdf,VERIFIED_OFFICIAL
176c9127-6440-40f2-9461-57d84448e38f,Bihar Gramin Bank,SIH26092-052,FINANCING,SCHEME_ROUTE_VERIFIED,https://nsfdc.nic.in/storage/channel-partners/attachments/20260401_163145_9tiTZM.pdf,VERIFIED_OFFICIAL
176c9127-6440-40f2-9461-57d84448e38f,Bihar Gramin Bank,SIH26092-053,FINANCING,SCHEME_ROUTE_VERIFIED,https://nsfdc.nic.in/storage/channel-partners/attachments/20260401_163145_9tiTZM.pdf,VERIFIED_OFFICIAL
176c9127-6440-40f2-9461-57d84448e38f,Bihar Gramin Bank,SIH26092-055,FINANCING,SCHEME_ROUTE_VERIFIED,https://nsfdc.nic.in/storage/channel-partners/attachments/20260401_163145_9tiTZM.pdf,VERIFIED_OFFICIAL
189b1288-c344-413b-9ba0-48286c277234,Delhi Delhi SC/ST/OBC/Minorities & Ambedkar Bhawan,SIH26092-010,FINANCING,SCHEME_ROUTE_VERIFIED,https://nsfdc.nic.in/storage/channel-partners/attachments/20260401_164458_Ip6UJm.pdf,VERIFIED_OFFICIAL
189b1288-c344-413b-9ba0-48286c277234,Delhi Delhi SC/ST/OBC/Minorities & Ambedkar Bhawan,SIH26092-015,FINANCING,SCHEME_ROUTE_VERIFIED,https://nsfdc.nic.in/storage/channel-partners/attachments/20260401_164458_Ip6UJm.pdf,VERIFIED_OFFICIAL
189b1288-c344-413b-9ba0-48286c277234,Delhi Delhi SC/ST/OBC/Minorities & Ambedkar Bhawan,SIH26092-016,FINANCING,SCHEME_ROUTE_VERIFIED,https://nsfdc.nic.in/storage/channel-partners/attachments/20260401_164458_Ip6UJm.pdf,VERIFIED_OFFICIAL
189b1288-c344-413b-9ba0-48286c277234,Delhi Delhi SC/ST/OBC/Minorities & Ambedkar Bhawan,SIH26092-053,FINANCING,SCHEME_ROUTE_VERIFIED,https://nsfdc.nic.in/storage/channel-partners/attachments/20260401_164458_Ip6UJm.pdf,VERIFIED_OFFICIAL
189b1288-c344-413b-9ba0-48286c277234,Delhi Delhi SC/ST/OBC/Minorities & Ambedkar Bhawan,SIH26092-054,FINANCING,SCHEME_ROUTE_VERIFIED,https://nsfdc.nic.in/storage/channel-partners/attachments/20260401_164458_Ip6UJm.pdf,VERIFIED_OFFICIAL
189b1288-c344-413b-9ba0-48286c277234,Delhi Delhi SC/ST/OBC/Minorities & Ambedkar Bhawan,SIH26092-055,FINANCING,SCHEME_ROUTE_VERIFIED,https://nsfdc.nic.in/storage/channel-partners/attachments/20260401_164458_Ip6UJm.pdf,VERIFIED_OFFICIAL
189b1288-c344-413b-9ba0-48286c277234,Delhi Delhi SC/ST/OBC/Minorities & Ambedkar Bhawan,SIH26092-056,FINANCING,SCHEME_ROUTE_VERIFIED,https://nsfdc.nic.in/storage/channel-partners/attachments/20260401_164458_Ip6UJm.pdf,VERIFIED_OFFICIAL
1ceb05db-1433-467a-b926-ec06038ad405,Jharkhand Jharkhand State Scheduled Kalyan Complex,SIH26092-010,FINANCING,SCHEME_ROUTE_VERIFIED,https://nsfdc.nic.in/storage/channel-partners/attachments/20260401_164458_Ip6UJm.pdf,VERIFIED_OFFICIAL
1ceb05db-1433-467a-b926-ec06038ad405,Jharkhand Jharkhand State Scheduled Kalyan Complex,SIH26092-053,FINANCING,SCHEME_ROUTE_VERIFIED,https://nsfdc.nic.in/storage/channel-partners/attachments/20260401_164458_Ip6UJm.pdf,VERIFIED_OFFICIAL
1ceb05db-1433-467a-b926-ec06038ad405,Jharkhand Jharkhand State Scheduled Kalyan Complex,SIH26092-054,FINANCING,SCHEME_ROUTE_VERIFIED,https://nsfdc.nic.in/storage/channel-partners/attachments/20260401_164458_Ip6UJm.pdf,VERIFIED_OFFICIAL
1ceb05db-1433-467a-b926-ec06038ad405,Jharkhand Jharkhand State Scheduled Kalyan Complex,SIH26092-055,FINANCING,SCHEME_ROUTE_VERIFIED,https://nsfdc.nic.in/storage/channel-partners/attachments/20260401_164458_Ip6UJm.pdf,VERIFIED_OFFICIAL
1ceb05db-1433-467a-b926-ec06038ad405,Jharkhand Jharkhand State Scheduled Kalyan Complex,SIH26092-056,FINANCING,SCHEME_ROUTE_VERIFIED,https://nsfdc.nic.in/storage/channel-partners/attachments/20260401_164458_Ip6UJm.pdf,VERIFIED_OFFICIAL
1e7f37a7-69fd-4606-8525-59838b47c79f,Maharashtra Gramin Bank,SIH26092-001,FINANCING,SCHEME_ROUTE_VERIFIED,https://nsfdc.nic.in/storage/channel-partners/attachments/20260401_163145_9tiTZM.pdf,VERIFIED_OFFICIAL
1e7f37a7-69fd-4606-8525-59838b47c79f,Maharashtra Gramin Bank,SIH26092-002,FINANCING,SCHEME_ROUTE_VERIFIED,https://nsfdc.nic.in/storage/channel-partners/attachments/20260401_163145_9tiTZM.pdf,VERIFIED_OFFICIAL
1e7f37a7-69fd-4606-8525-59838b47c79f,Maharashtra Gramin Bank,SIH26092-052,FINANCING,SCHEME_ROUTE_VERIFIED,https://nsfdc.nic.in/storage/channel-partners/attachments/20260401_163145_9tiTZM.pdf,VERIFIED_OFFICIAL
1e7f37a7-69fd-4606-8525-59838b47c79f,Maharashtra Gramin Bank,SIH26092-053,FINANCING,SCHEME_ROUTE_VERIFIED,https://nsfdc.nic.in/storage/channel-partners/attachments/20260401_163145_9tiTZM.pdf,VERIFIED_OFFICIAL
1e7f37a7-69fd-4606-8525-59838b47c79f,Maharashtra Gramin Bank,SIH26092-055,FINANCING,SCHEME_ROUTE_VERIFIED,https://nsfdc.nic.in/storage/channel-partners/attachments/20260401_163145_9tiTZM.pdf,VERIFIED_OFFICIAL
20071c36-2fb4-4cb9-be0e-9dd1e8259e0f,Plot No.-47,SIH26092-001,FINANCING,SCHEME_ROUTE_VERIFIED,https://nsfdc.nic.in/storage/channel-partners/attachments/20260401_163145_9tiTZM.pdf,VERIFIED_OFFICIAL
20071c36-2fb4-4cb9-be0e-9dd1e8259e0f,Plot No.-47,SIH26092-002,FINANCING,SCHEME_ROUTE_VERIFIED,https://nsfdc.nic.in/storage/channel-partners/attachments/20260401_163145_9tiTZM.pdf,VERIFIED_OFFICIAL
20071c36-2fb4-4cb9-be0e-9dd1e8259e0f,Plot No.-47,SIH26092-052,FINANCING,SCHEME_ROUTE_VERIFIED,https://nsfdc.nic.in/storage/channel-partners/attachments/20260401_163145_9tiTZM.pdf,VERIFIED_OFFICIAL
20071c36-2fb4-4cb9-be0e-9dd1e8259e0f,Plot No.-47,SIH26092-053,FINANCING,SCHEME_ROUTE_VERIFIED,https://nsfdc.nic.in/storage/channel-partners/attachments/20260401_163145_9tiTZM.pdf,VERIFIED_OFFICIAL
20071c36-2fb4-4cb9-be0e-9dd1e8259e0f,Plot No.-47,SIH26092-055,FINANCING,SCHEME_ROUTE_VERIFIED,https://nsfdc.nic.in/storage/channel-partners/attachments/20260401_163145_9tiTZM.pdf,VERIFIED_OFFICIAL
20ff119a-fcb6-407d-9c86-25e2670438d1,Chhattisgarh Chhatisgarh State Antavasayee 4th Floor,SIH26092-010,FINANCING,SCHEME_ROUTE_VERIFIED,https://nsfdc.nic.in/storage/channel-partners/attachments/20260401_164458_Ip6UJm.pdf,VERIFIED_OFFICIAL
20ff119a-fcb6-407d-9c86-25e2670438d1,Chhattisgarh Chhatisgarh State Antavasayee 4th Floor,SIH26092-053,FINANCING,SCHEME_ROUTE_VERIFIED,https://nsfdc.nic.in/storage/channel-partners/attachments/20260401_164458_Ip6UJm.pdf,VERIFIED_OFFICIAL
20ff119a-fcb6-407d-9c86-25e2670438d1,Chhattisgarh Chhatisgarh State Antavasayee 4th Floor,SIH26092-054,FINANCING,SCHEME_ROUTE_VERIFIED,https://nsfdc.nic.in/storage/channel-partners/attachments/20260401_164458_Ip6UJm.pdf,VERIFIED_OFFICIAL
20ff119a-fcb6-407d-9c86-25e2670438d1,Chhattisgarh Chhatisgarh State Antavasayee 4th Floor,SIH26092-055,FINANCING,SCHEME_ROUTE_VERIFIED,https://nsfdc.nic.in/storage/channel-partners/attachments/20260401_164458_Ip6UJm.pdf,VERIFIED_OFFICIAL
20ff119a-fcb6-407d-9c86-25e2670438d1,Chhattisgarh Chhatisgarh State Antavasayee 4th Floor,SIH26092-056,FINANCING,SCHEME_ROUTE_VERIFIED,https://nsfdc.nic.in/storage/channel-partners/attachments/20260401_164458_Ip6UJm.pdf,VERIFIED_OFFICIAL
2790fa95-688e-400f-a3d4-58f7a2225bee,Canara Bank,SIH26092-001,FINANCING,SCHEME_ROUTE_VERIFIED,https://nsfdc.nic.in/storage/channel-partners/attachments/20260408_100623_Bea3za.pdf,VERIFIED_OFFICIAL
2790fa95-688e-400f-a3d4-58f7a2225bee,Canara Bank,SIH26092-002,FINANCING,SCHEME_ROUTE_VERIFIED,https://nsfdc.nic.in/storage/channel-partners/attachments/20260408_100623_Bea3za.pdf,VERIFIED_OFFICIAL
2790fa95-688e-400f-a3d4-58f7a2225bee,Canara Bank,SIH26092-003,FINANCING,SCHEME_ROUTE_VERIFIED,https://nsfdc.nic.in/storage/channel-partners/attachments/20260408_100623_Bea3za.pdf,VERIFIED_OFFICIAL
2790fa95-688e-400f-a3d4-58f7a2225bee,Canara Bank,SIH26092-053,FINANCING,SCHEME_ROUTE_VERIFIED,https://nsfdc.nic.in/storage/channel-partners/attachments/20260408_100623_Bea3za.pdf,VERIFIED_OFFICIAL
2790fa95-688e-400f-a3d4-58f7a2225bee,Canara Bank,SIH26092-055,FINANCING,SCHEME_ROUTE_VERIFIED,https://nsfdc.nic.in/storage/channel-partners/attachments/20260408_100623_Bea3za.pdf,VERIFIED_OFFICIAL
2790fa95-688e-400f-a3d4-58f7a2225bee,Canara Bank,SIH26092-056,FINANCING,SCHEME_ROUTE_VERIFIED,https://nsfdc.nic.in/storage/channel-partners/attachments/20260408_100623_Bea3za.pdf,VERIFIED_OFFICIAL
28f208ea-a70a-49dd-910e-4b9ea8d9e083,J&K Grameen Bank M.T.C Building,SIH26092-001,FINANCING,SCHEME_ROUTE_VERIFIED,https://nsfdc.nic.in/storage/channel-partners/attachments/20260401_163145_9tiTZM.pdf,VERIFIED_OFFICIAL
28f208ea-a70a-49dd-910e-4b9ea8d9e083,J&K Grameen Bank M.T.C Building,SIH26092-002,FINANCING,SCHEME_ROUTE_VERIFIED,https://nsfdc.nic.in/storage/channel-partners/attachments/20260401_163145_9tiTZM.pdf,VERIFIED_OFFICIAL
28f208ea-a70a-49dd-910e-4b9ea8d9e083,J&K Grameen Bank M.T.C Building,SIH26092-052,FINANCING,SCHEME_ROUTE_VERIFIED,https://nsfdc.nic.in/storage/channel-partners/attachments/20260401_163145_9tiTZM.pdf,VERIFIED_OFFICIAL
28f208ea-a70a-49dd-910e-4b9ea8d9e083,J&K Grameen Bank M.T.C Building,SIH26092-053,FINANCING,SCHEME_ROUTE_VERIFIED,https://nsfdc.nic.in/storage/channel-partners/attachments/20260401_163145_9tiTZM.pdf,VERIFIED_OFFICIAL
28f208ea-a70a-49dd-910e-4b9ea8d9e083,J&K Grameen Bank M.T.C Building,SIH26092-055,FINANCING,SCHEME_ROUTE_VERIFIED,https://nsfdc.nic.in/storage/channel-partners/attachments/20260401_163145_9tiTZM.pdf,VERIFIED_OFFICIAL
2912fea1-7ade-4718-ae60-8fc9f81b4a1f,Kerala Kerala State Women's 1st Floor,SIH26092-010,FINANCING,SCHEME_ROUTE_VERIFIED,https://nsfdc.nic.in/storage/channel-partners/attachments/20260401_164458_Ip6UJm.pdf,VERIFIED_OFFICIAL
2912fea1-7ade-4718-ae60-8fc9f81b4a1f,Kerala Kerala State Women's 1st Floor,SIH26092-012,FINANCING,SCHEME_ROUTE_VERIFIED,https://nsfdc.nic.in/storage/channel-partners/attachments/20260401_164458_Ip6UJm.pdf,VERIFIED_OFFICIAL
2912fea1-7ade-4718-ae60-8fc9f81b4a1f,Kerala Kerala State Women's 1st Floor,SIH26092-013,FINANCING,SCHEME_ROUTE_VERIFIED,https://nsfdc.nic.in/storage/channel-partners/attachments/20260401_164458_Ip6UJm.pdf,VERIFIED_OFFICIAL
2912fea1-7ade-4718-ae60-8fc9f81b4a1f,Kerala Kerala State Women's 1st Floor,SIH26092-014,FINANCING,SCHEME_ROUTE_VERIFIED,https://nsfdc.nic.in/storage/channel-partners/attachments/20260401_164458_Ip6UJm.pdf,VERIFIED_OFFICIAL
2912fea1-7ade-4718-ae60-8fc9f81b4a1f,Kerala Kerala State Women's 1st Floor,SIH26092-053,FINANCING,SCHEME_ROUTE_VERIFIED,https://nsfdc.nic.in/storage/channel-partners/attachments/20260401_164458_Ip6UJm.pdf,VERIFIED_OFFICIAL
2912fea1-7ade-4718-ae60-8fc9f81b4a1f,Kerala Kerala State Women's 1st Floor,SIH26092-054,FINANCING,SCHEME_ROUTE_VERIFIED,https://nsfdc.nic.in/storage/channel-partners/attachments/20260401_164458_Ip6UJm.pdf,VERIFIED_OFFICIAL
2912fea1-7ade-4718-ae60-8fc9f81b4a1f,Kerala Kerala State Women's 1st Floor,SIH26092-055,FINANCING,SCHEME_ROUTE_VERIFIED,https://nsfdc.nic.in/storage/channel-partners/attachments/20260401_164458_Ip6UJm.pdf,VERIFIED_OFFICIAL
2912fea1-7ade-4718-ae60-8fc9f81b4a1f,Kerala Kerala State Women's 1st Floor,SIH26092-056,FINANCING,SCHEME_ROUTE_VERIFIED,https://nsfdc.nic.in/storage/channel-partners/attachments/20260401_164458_Ip6UJm.pdf,VERIFIED_OFFICIAL
2953dda3-091d-4cdd-adf3-a8e107a178b8,Madhaya Pradesh Gramin Bank,SIH26092-001,FINANCING,SCHEME_ROUTE_VERIFIED,https://nsfdc.nic.in/storage/channel-partners/attachments/20260401_163145_9tiTZM.pdf,VERIFIED_OFFICIAL
2953dda3-091d-4cdd-adf3-a8e107a178b8,Madhaya Pradesh Gramin Bank,SIH26092-002,FINANCING,SCHEME_ROUTE_VERIFIED,https://nsfdc.nic.in/storage/channel-partners/attachments/20260401_163145_9tiTZM.pdf,VERIFIED_OFFICIAL
2953dda3-091d-4cdd-adf3-a8e107a178b8,Madhaya Pradesh Gramin Bank,SIH26092-052,FINANCING,SCHEME_ROUTE_VERIFIED,https://nsfdc.nic.in/storage/channel-partners/attachments/20260401_163145_9tiTZM.pdf,VERIFIED_OFFICIAL
2953dda3-091d-4cdd-adf3-a8e107a178b8,Madhaya Pradesh Gramin Bank,SIH26092-053,FINANCING,SCHEME_ROUTE_VERIFIED,https://nsfdc.nic.in/storage/channel-partners/attachments/20260401_163145_9tiTZM.pdf,VERIFIED_OFFICIAL
2953dda3-091d-4cdd-adf3-a8e107a178b8,Madhaya Pradesh Gramin Bank,SIH26092-055,FINANCING,SCHEME_ROUTE_VERIFIED,https://nsfdc.nic.in/storage/channel-partners/attachments/20260401_163145_9tiTZM.pdf,VERIFIED_OFFICIAL
29590057-7353-4880-b74a-a985e2948dc6,Assam North Eastern Development Finance Corporation Ltd. (NEDFi),SIH26092-023,FINANCING,SCHEME_ROUTE_VERIFIED,https://nsfdc.nic.in/storage/channel-partners/attachments/20260401_164458_Ip6UJm.pdf,VERIFIED_OFFICIAL
29590057-7353-4880-b74a-a985e2948dc6,Assam North Eastern Development Finance Corporation Ltd. (NEDFi),SIH26092-024,FINANCING,SCHEME_ROUTE_VERIFIED,https://nsfdc.nic.in/storage/channel-partners/attachments/20260401_164458_Ip6UJm.pdf,VERIFIED_OFFICIAL
3414ceb1-e997-485e-843a-4d15ec6215f5,Indian Bank Corporate Office,SIH26092-001,FINANCING,SCHEME_ROUTE_VERIFIED,https://nsfdc.nic.in/storage/channel-partners/attachments/20260408_100623_Bea3za.pdf,VERIFIED_OFFICIAL
3414ceb1-e997-485e-843a-4d15ec6215f5,Indian Bank Corporate Office,SIH26092-002,FINANCING,SCHEME_ROUTE_VERIFIED,https://nsfdc.nic.in/storage/channel-partners/attachments/20260408_100623_Bea3za.pdf,VERIFIED_OFFICIAL
3414ceb1-e997-485e-843a-4d15ec6215f5,Indian Bank Corporate Office,SIH26092-003,FINANCING,SCHEME_ROUTE_VERIFIED,https://nsfdc.nic.in/storage/channel-partners/attachments/20260408_100623_Bea3za.pdf,VERIFIED_OFFICIAL
3414ceb1-e997-485e-843a-4d15ec6215f5,Indian Bank Corporate Office,SIH26092-053,FINANCING,SCHEME_ROUTE_VERIFIED,https://nsfdc.nic.in/storage/channel-partners/attachments/20260408_100623_Bea3za.pdf,VERIFIED_OFFICIAL
3414ceb1-e997-485e-843a-4d15ec6215f5,Indian Bank Corporate Office,SIH26092-055,FINANCING,SCHEME_ROUTE_VERIFIED,https://nsfdc.nic.in/storage/channel-partners/attachments/20260408_100623_Bea3za.pdf,VERIFIED_OFFICIAL
3414ceb1-e997-485e-843a-4d15ec6215f5,Indian Bank Corporate Office,SIH26092-056,FINANCING,SCHEME_ROUTE_VERIFIED,https://nsfdc.nic.in/storage/channel-partners/attachments/20260408_100623_Bea3za.pdf,VERIFIED_OFFICIAL
36b0941b-de2b-4784-8f45-a833973a1818,SIDBI Small Industries Development Bank of India,SIH26092-003,FINANCING,SCHEME_ROUTE_VERIFIED,https://nsfdc.nic.in/storage/channel-partners/attachments/20260408_100623_Bea3za.pdf,VERIFIED_OFFICIAL
36b0941b-de2b-4784-8f45-a833973a1818,SIDBI Small Industries Development Bank of India,SIH26092-046,FINANCING,SCHEME_ROUTE_VERIFIED,https://nsfdc.nic.in/storage/channel-partners/attachments/20260408_100623_Bea3za.pdf,VERIFIED_OFFICIAL
36b0941b-de2b-4784-8f45-a833973a1818,SIDBI Small Industries Development Bank of India,SIH26092-051,FINANCING,SCHEME_ROUTE_VERIFIED,https://nsfdc.nic.in/storage/channel-partners/attachments/20260408_100623_Bea3za.pdf,VERIFIED_OFFICIAL
38554178-24fd-4b53-bc84-a1e24d50b093,Bank of India,SIH26092-001,FINANCING,SCHEME_ROUTE_VERIFIED,https://nsfdc.nic.in/storage/channel-partners/attachments/20260408_100623_Bea3za.pdf,VERIFIED_OFFICIAL
38554178-24fd-4b53-bc84-a1e24d50b093,Bank of India,SIH26092-002,FINANCING,SCHEME_ROUTE_VERIFIED,https://nsfdc.nic.in/storage/channel-partners/attachments/20260408_100623_Bea3za.pdf,VERIFIED_OFFICIAL
38554178-24fd-4b53-bc84-a1e24d50b093,Bank of India,SIH26092-003,FINANCING,SCHEME_ROUTE_VERIFIED,https://nsfdc.nic.in/storage/channel-partners/attachments/20260408_100623_Bea3za.pdf,VERIFIED_OFFICIAL
38554178-24fd-4b53-bc84-a1e24d50b093,Bank of India,SIH26092-053,FINANCING,SCHEME_ROUTE_VERIFIED,https://nsfdc.nic.in/storage/channel-partners/attachments/20260408_100623_Bea3za.pdf,VERIFIED_OFFICIAL
38554178-24fd-4b53-bc84-a1e24d50b093,Bank of India,SIH26092-055,FINANCING,SCHEME_ROUTE_VERIFIED,https://nsfdc.nic.in/storage/channel-partners/attachments/20260408_100623_Bea3za.pdf,VERIFIED_OFFICIAL
38554178-24fd-4b53-bc84-a1e24d50b093,Bank of India,SIH26092-056,FINANCING,SCHEME_ROUTE_VERIFIED,https://nsfdc.nic.in/storage/channel-partners/attachments/20260408_100623_Bea3za.pdf,VERIFIED_OFFICIAL
38a644ee-3ee3-41dd-b8d9-710f4924635e,Bank of Maharashtra No.254-260,SIH26092-001,FINANCING,SCHEME_ROUTE_VERIFIED,https://nsfdc.nic.in/storage/channel-partners/attachments/20260408_100623_Bea3za.pdf,VERIFIED_OFFICIAL
38a644ee-3ee3-41dd-b8d9-710f4924635e,Bank of Maharashtra No.254-260,SIH26092-002,FINANCING,SCHEME_ROUTE_VERIFIED,https://nsfdc.nic.in/storage/channel-partners/attachments/20260408_100623_Bea3za.pdf,VERIFIED_OFFICIAL
38a644ee-3ee3-41dd-b8d9-710f4924635e,Bank of Maharashtra No.254-260,SIH26092-003,FINANCING,SCHEME_ROUTE_VERIFIED,https://nsfdc.nic.in/storage/channel-partners/attachments/20260408_100623_Bea3za.pdf,VERIFIED_OFFICIAL
38a644ee-3ee3-41dd-b8d9-710f4924635e,Bank of Maharashtra No.254-260,SIH26092-053,FINANCING,SCHEME_ROUTE_VERIFIED,https://nsfdc.nic.in/storage/channel-partners/attachments/20260408_100623_Bea3za.pdf,VERIFIED_OFFICIAL
38a644ee-3ee3-41dd-b8d9-710f4924635e,Bank of Maharashtra No.254-260,SIH26092-055,FINANCING,SCHEME_ROUTE_VERIFIED,https://nsfdc.nic.in/storage/channel-partners/attachments/20260408_100623_Bea3za.pdf,VERIFIED_OFFICIAL
38a644ee-3ee3-41dd-b8d9-710f4924635e,Bank of Maharashtra No.254-260,SIH26092-056,FINANCING,SCHEME_ROUTE_VERIFIED,https://nsfdc.nic.in/storage/channel-partners/attachments/20260408_100623_Bea3za.pdf,VERIFIED_OFFICIAL
394c1244-ced5-4681-8195-47fc0f53d124,Ujjiwan Small Finance Bank Small Finance Bank- 02,SIH26092-002,FINANCING,SCHEME_ROUTE_VERIFIED,https://nsfdc.nic.in/storage/channel-partners/attachments/20260408_100851_UrGTfH.pdf,VERIFIED_OFFICIAL
394c1244-ced5-4681-8195-47fc0f53d124,Ujjiwan Small Finance Bank Small Finance Bank- 02,SIH26092-052,FINANCING,SCHEME_ROUTE_VERIFIED,https://nsfdc.nic.in/storage/channel-partners/attachments/20260408_100851_UrGTfH.pdf,VERIFIED_OFFICIAL
394c1244-ced5-4681-8195-47fc0f53d124,Ujjiwan Small Finance Bank Small Finance Bank- 02,SIH26092-055,FINANCING,SCHEME_ROUTE_VERIFIED,https://nsfdc.nic.in/storage/channel-partners/attachments/20260408_100851_UrGTfH.pdf,VERIFIED_OFFICIAL
3b1305ce-89dc-480b-a129-358964ccf9f5,Uttar Pradesh UP Scheduled Castes Finance & B-912,SIH26092-010,FINANCING,SCHEME_ROUTE_VERIFIED,https://nsfdc.nic.in/storage/channel-partners/attachments/20260401_164458_Ip6UJm.pdf,VERIFIED_OFFICIAL
3b1305ce-89dc-480b-a129-358964ccf9f5,Uttar Pradesh UP Scheduled Castes Finance & B-912,SIH26092-053,FINANCING,SCHEME_ROUTE_VERIFIED,https://nsfdc.nic.in/storage/channel-partners/attachments/20260401_164458_Ip6UJm.pdf,VERIFIED_OFFICIAL
3b1305ce-89dc-480b-a129-358964ccf9f5,Uttar Pradesh UP Scheduled Castes Finance & B-912,SIH26092-054,FINANCING,SCHEME_ROUTE_VERIFIED,https://nsfdc.nic.in/storage/channel-partners/attachments/20260401_164458_Ip6UJm.pdf,VERIFIED_OFFICIAL
3b1305ce-89dc-480b-a129-358964ccf9f5,Uttar Pradesh UP Scheduled Castes Finance & B-912,SIH26092-055,FINANCING,SCHEME_ROUTE_VERIFIED,https://nsfdc.nic.in/storage/channel-partners/attachments/20260401_164458_Ip6UJm.pdf,VERIFIED_OFFICIAL
3b1305ce-89dc-480b-a129-358964ccf9f5,Uttar Pradesh UP Scheduled Castes Finance & B-912,SIH26092-056,FINANCING,SCHEME_ROUTE_VERIFIED,https://nsfdc.nic.in/storage/channel-partners/attachments/20260401_164458_Ip6UJm.pdf,VERIFIED_OFFICIAL
41804e4e-ea64-429a-8990-cf647fdde1af,Uttarakhand Gramin Bank,SIH26092-001,FINANCING,SCHEME_ROUTE_VERIFIED,https://nsfdc.nic.in/storage/channel-partners/attachments/20260401_163145_9tiTZM.pdf,VERIFIED_OFFICIAL
41804e4e-ea64-429a-8990-cf647fdde1af,Uttarakhand Gramin Bank,SIH26092-002,FINANCING,SCHEME_ROUTE_VERIFIED,https://nsfdc.nic.in/storage/channel-partners/attachments/20260401_163145_9tiTZM.pdf,VERIFIED_OFFICIAL
41804e4e-ea64-429a-8990-cf647fdde1af,Uttarakhand Gramin Bank,SIH26092-052,FINANCING,SCHEME_ROUTE_VERIFIED,https://nsfdc.nic.in/storage/channel-partners/attachments/20260401_163145_9tiTZM.pdf,VERIFIED_OFFICIAL
41804e4e-ea64-429a-8990-cf647fdde1af,Uttarakhand Gramin Bank,SIH26092-053,FINANCING,SCHEME_ROUTE_VERIFIED,https://nsfdc.nic.in/storage/channel-partners/attachments/20260401_163145_9tiTZM.pdf,VERIFIED_OFFICIAL
41804e4e-ea64-429a-8990-cf647fdde1af,Uttarakhand Gramin Bank,SIH26092-055,FINANCING,SCHEME_ROUTE_VERIFIED,https://nsfdc.nic.in/storage/channel-partners/attachments/20260401_163145_9tiTZM.pdf,VERIFIED_OFFICIAL
47750ff0-3233-49c9-af71-e35b5df6c19b,Maharashtra Sahityaratna Lokshahir New Administration Building No.2,SIH26092-010,FINANCING,SCHEME_ROUTE_VERIFIED,https://nsfdc.nic.in/storage/channel-partners/attachments/20260401_164458_Ip6UJm.pdf,VERIFIED_OFFICIAL
47750ff0-3233-49c9-af71-e35b5df6c19b,Maharashtra Sahityaratna Lokshahir New Administration Building No.2,SIH26092-053,FINANCING,SCHEME_ROUTE_VERIFIED,https://nsfdc.nic.in/storage/channel-partners/attachments/20260401_164458_Ip6UJm.pdf,VERIFIED_OFFICIAL
47750ff0-3233-49c9-af71-e35b5df6c19b,Maharashtra Sahityaratna Lokshahir New Administration Building No.2,SIH26092-054,FINANCING,SCHEME_ROUTE_VERIFIED,https://nsfdc.nic.in/storage/channel-partners/attachments/20260401_164458_Ip6UJm.pdf,VERIFIED_OFFICIAL
47750ff0-3233-49c9-af71-e35b5df6c19b,Maharashtra Sahityaratna Lokshahir New Administration Building No.2,SIH26092-055,FINANCING,SCHEME_ROUTE_VERIFIED,https://nsfdc.nic.in/storage/channel-partners/attachments/20260401_164458_Ip6UJm.pdf,VERIFIED_OFFICIAL
47750ff0-3233-49c9-af71-e35b5df6c19b,Maharashtra Sahityaratna Lokshahir New Administration Building No.2,SIH26092-056,FINANCING,SCHEME_ROUTE_VERIFIED,https://nsfdc.nic.in/storage/channel-partners/attachments/20260401_164458_Ip6UJm.pdf,VERIFIED_OFFICIAL
498e27ae-2629-45bd-b50d-d44c27615b09,Union Bank of India,SIH26092-001,FINANCING,SCHEME_ROUTE_VERIFIED,https://nsfdc.nic.in/storage/channel-partners/attachments/20260408_100623_Bea3za.pdf,VERIFIED_OFFICIAL
498e27ae-2629-45bd-b50d-d44c27615b09,Union Bank of India,SIH26092-002,FINANCING,SCHEME_ROUTE_VERIFIED,https://nsfdc.nic.in/storage/channel-partners/attachments/20260408_100623_Bea3za.pdf,VERIFIED_OFFICIAL
498e27ae-2629-45bd-b50d-d44c27615b09,Union Bank of India,SIH26092-003,FINANCING,SCHEME_ROUTE_VERIFIED,https://nsfdc.nic.in/storage/channel-partners/attachments/20260408_100623_Bea3za.pdf,VERIFIED_OFFICIAL
498e27ae-2629-45bd-b50d-d44c27615b09,Union Bank of India,SIH26092-053,FINANCING,SCHEME_ROUTE_VERIFIED,https://nsfdc.nic.in/storage/channel-partners/attachments/20260408_100623_Bea3za.pdf,VERIFIED_OFFICIAL
498e27ae-2629-45bd-b50d-d44c27615b09,Union Bank of India,SIH26092-055,FINANCING,SCHEME_ROUTE_VERIFIED,https://nsfdc.nic.in/storage/channel-partners/attachments/20260408_100623_Bea3za.pdf,VERIFIED_OFFICIAL
498e27ae-2629-45bd-b50d-d44c27615b09,Union Bank of India,SIH26092-056,FINANCING,SCHEME_ROUTE_VERIFIED,https://nsfdc.nic.in/storage/channel-partners/attachments/20260408_100623_Bea3za.pdf,VERIFIED_OFFICIAL
4aad9936-f656-41f2-8a4b-026dea48ac44,Telangana Grameena Bank,SIH26092-001,FINANCING,SCHEME_ROUTE_VERIFIED,https://nsfdc.nic.in/storage/channel-partners/attachments/20260401_163145_9tiTZM.pdf,VERIFIED_OFFICIAL
4aad9936-f656-41f2-8a4b-026dea48ac44,Telangana Grameena Bank,SIH26092-002,FINANCING,SCHEME_ROUTE_VERIFIED,https://nsfdc.nic.in/storage/channel-partners/attachments/20260401_163145_9tiTZM.pdf,VERIFIED_OFFICIAL
4aad9936-f656-41f2-8a4b-026dea48ac44,Telangana Grameena Bank,SIH26092-052,FINANCING,SCHEME_ROUTE_VERIFIED,https://nsfdc.nic.in/storage/channel-partners/attachments/20260401_163145_9tiTZM.pdf,VERIFIED_OFFICIAL
4aad9936-f656-41f2-8a4b-026dea48ac44,Telangana Grameena Bank,SIH26092-053,FINANCING,SCHEME_ROUTE_VERIFIED,https://nsfdc.nic.in/storage/channel-partners/attachments/20260401_163145_9tiTZM.pdf,VERIFIED_OFFICIAL
4aad9936-f656-41f2-8a4b-026dea48ac44,Telangana Grameena Bank,SIH26092-055,FINANCING,SCHEME_ROUTE_VERIFIED,https://nsfdc.nic.in/storage/channel-partners/attachments/20260401_163145_9tiTZM.pdf,VERIFIED_OFFICIAL
4c178627-5223-433c-8a2f-718c8b8e4620,th Floor,SIH26092-001,FINANCING,SCHEME_ROUTE_VERIFIED,https://nsfdc.nic.in/storage/channel-partners/attachments/20260408_100623_Bea3za.pdf,VERIFIED_OFFICIAL
4c178627-5223-433c-8a2f-718c8b8e4620,th Floor,SIH26092-002,FINANCING,SCHEME_ROUTE_VERIFIED,https://nsfdc.nic.in/storage/channel-partners/attachments/20260408_100623_Bea3za.pdf,VERIFIED_OFFICIAL
4c178627-5223-433c-8a2f-718c8b8e4620,th Floor,SIH26092-003,FINANCING,SCHEME_ROUTE_VERIFIED,https://nsfdc.nic.in/storage/channel-partners/attachments/20260408_100623_Bea3za.pdf,VERIFIED_OFFICIAL
4c178627-5223-433c-8a2f-718c8b8e4620,th Floor,SIH26092-053,FINANCING,SCHEME_ROUTE_VERIFIED,https://nsfdc.nic.in/storage/channel-partners/attachments/20260408_100623_Bea3za.pdf,VERIFIED_OFFICIAL
4c178627-5223-433c-8a2f-718c8b8e4620,th Floor,SIH26092-055,FINANCING,SCHEME_ROUTE_VERIFIED,https://nsfdc.nic.in/storage/channel-partners/attachments/20260408_100623_Bea3za.pdf,VERIFIED_OFFICIAL
4c178627-5223-433c-8a2f-718c8b8e4620,th Floor,SIH26092-056,FINANCING,SCHEME_ROUTE_VERIFIED,https://nsfdc.nic.in/storage/channel-partners/attachments/20260408_100623_Bea3za.pdf,VERIFIED_OFFICIAL
4ea26e3b-da54-48a3-b063-1619335523f3,Maharashtra Mahatma Phule BCs 1-N,SIH26092-010,FINANCING,SCHEME_ROUTE_VERIFIED,https://nsfdc.nic.in/storage/channel-partners/attachments/20260401_164458_Ip6UJm.pdf,VERIFIED_OFFICIAL
4ea26e3b-da54-48a3-b063-1619335523f3,Maharashtra Mahatma Phule BCs 1-N,SIH26092-053,FINANCING,SCHEME_ROUTE_VERIFIED,https://nsfdc.nic.in/storage/channel-partners/attachments/20260401_164458_Ip6UJm.pdf,VERIFIED_OFFICIAL
4ea26e3b-da54-48a3-b063-1619335523f3,Maharashtra Mahatma Phule BCs 1-N,SIH26092-054,FINANCING,SCHEME_ROUTE_VERIFIED,https://nsfdc.nic.in/storage/channel-partners/attachments/20260401_164458_Ip6UJm.pdf,VERIFIED_OFFICIAL
4ea26e3b-da54-48a3-b063-1619335523f3,Maharashtra Mahatma Phule BCs 1-N,SIH26092-055,FINANCING,SCHEME_ROUTE_VERIFIED,https://nsfdc.nic.in/storage/channel-partners/attachments/20260401_164458_Ip6UJm.pdf,VERIFIED_OFFICIAL
4ea26e3b-da54-48a3-b063-1619335523f3,Maharashtra Mahatma Phule BCs 1-N,SIH26092-056,FINANCING,SCHEME_ROUTE_VERIFIED,https://nsfdc.nic.in/storage/channel-partners/attachments/20260401_164458_Ip6UJm.pdf,VERIFIED_OFFICIAL
50c70175-3553-445b-9578-6a680c67aff9,Kerala Grameena Bank,SIH26092-001,FINANCING,SCHEME_ROUTE_VERIFIED,https://nsfdc.nic.in/storage/channel-partners/attachments/20260401_163145_9tiTZM.pdf,VERIFIED_OFFICIAL
50c70175-3553-445b-9578-6a680c67aff9,Kerala Grameena Bank,SIH26092-002,FINANCING,SCHEME_ROUTE_VERIFIED,https://nsfdc.nic.in/storage/channel-partners/attachments/20260401_163145_9tiTZM.pdf,VERIFIED_OFFICIAL
50c70175-3553-445b-9578-6a680c67aff9,Kerala Grameena Bank,SIH26092-052,FINANCING,SCHEME_ROUTE_VERIFIED,https://nsfdc.nic.in/storage/channel-partners/attachments/20260401_163145_9tiTZM.pdf,VERIFIED_OFFICIAL
50c70175-3553-445b-9578-6a680c67aff9,Kerala Grameena Bank,SIH26092-053,FINANCING,SCHEME_ROUTE_VERIFIED,https://nsfdc.nic.in/storage/channel-partners/attachments/20260401_163145_9tiTZM.pdf,VERIFIED_OFFICIAL
50c70175-3553-445b-9578-6a680c67aff9,Kerala Grameena Bank,SIH26092-055,FINANCING,SCHEME_ROUTE_VERIFIED,https://nsfdc.nic.in/storage/channel-partners/attachments/20260401_163145_9tiTZM.pdf,VERIFIED_OFFICIAL
52e9ebf5-1da3-4d64-a4d4-dfe3172aa4c9,Himachal Himachal Pradesh SCs & STs Kalyan Bhawan,SIH26092-010,FINANCING,SCHEME_ROUTE_VERIFIED,https://nsfdc.nic.in/storage/channel-partners/attachments/20260401_164458_Ip6UJm.pdf,VERIFIED_OFFICIAL
52e9ebf5-1da3-4d64-a4d4-dfe3172aa4c9,Himachal Himachal Pradesh SCs & STs Kalyan Bhawan,SIH26092-053,FINANCING,SCHEME_ROUTE_VERIFIED,https://nsfdc.nic.in/storage/channel-partners/attachments/20260401_164458_Ip6UJm.pdf,VERIFIED_OFFICIAL
52e9ebf5-1da3-4d64-a4d4-dfe3172aa4c9,Himachal Himachal Pradesh SCs & STs Kalyan Bhawan,SIH26092-054,FINANCING,SCHEME_ROUTE_VERIFIED,https://nsfdc.nic.in/storage/channel-partners/attachments/20260401_164458_Ip6UJm.pdf,VERIFIED_OFFICIAL
52e9ebf5-1da3-4d64-a4d4-dfe3172aa4c9,Himachal Himachal Pradesh SCs & STs Kalyan Bhawan,SIH26092-055,FINANCING,SCHEME_ROUTE_VERIFIED,https://nsfdc.nic.in/storage/channel-partners/attachments/20260401_164458_Ip6UJm.pdf,VERIFIED_OFFICIAL
52e9ebf5-1da3-4d64-a4d4-dfe3172aa4c9,Himachal Himachal Pradesh SCs & STs Kalyan Bhawan,SIH26092-056,FINANCING,SCHEME_ROUTE_VERIFIED,https://nsfdc.nic.in/storage/channel-partners/attachments/20260401_164458_Ip6UJm.pdf,VERIFIED_OFFICIAL
53752b86-4597-4117-be7c-5a8b75325407,Tripura Tripura Scheduled Castes Krishna Nagar P.O. Lake Chomubani,SIH26092-010,FINANCING,SCHEME_ROUTE_VERIFIED,https://nsfdc.nic.in/storage/channel-partners/attachments/20260401_164458_Ip6UJm.pdf,VERIFIED_OFFICIAL
53752b86-4597-4117-be7c-5a8b75325407,Tripura Tripura Scheduled Castes Krishna Nagar P.O. Lake Chomubani,SIH26092-053,FINANCING,SCHEME_ROUTE_VERIFIED,https://nsfdc.nic.in/storage/channel-partners/attachments/20260401_164458_Ip6UJm.pdf,VERIFIED_OFFICIAL
53752b86-4597-4117-be7c-5a8b75325407,Tripura Tripura Scheduled Castes Krishna Nagar P.O. Lake Chomubani,SIH26092-054,FINANCING,SCHEME_ROUTE_VERIFIED,https://nsfdc.nic.in/storage/channel-partners/attachments/20260401_164458_Ip6UJm.pdf,VERIFIED_OFFICIAL
53752b86-4597-4117-be7c-5a8b75325407,Tripura Tripura Scheduled Castes Krishna Nagar P.O. Lake Chomubani,SIH26092-055,FINANCING,SCHEME_ROUTE_VERIFIED,https://nsfdc.nic.in/storage/channel-partners/attachments/20260401_164458_Ip6UJm.pdf,VERIFIED_OFFICIAL
53752b86-4597-4117-be7c-5a8b75325407,Tripura Tripura Scheduled Castes Krishna Nagar P.O. Lake Chomubani,SIH26092-056,FINANCING,SCHEME_ROUTE_VERIFIED,https://nsfdc.nic.in/storage/channel-partners/attachments/20260401_164458_Ip6UJm.pdf,VERIFIED_OFFICIAL
54f6596e-69f1-41ca-8090-0e6c8692121c,Madhya Pradesh MP State Cooperative SC Rajiv Gandhi Bhawan,SIH26092-010,FINANCING,SCHEME_ROUTE_VERIFIED,https://nsfdc.nic.in/storage/channel-partners/attachments/20260401_164458_Ip6UJm.pdf,VERIFIED_OFFICIAL
54f6596e-69f1-41ca-8090-0e6c8692121c,Madhya Pradesh MP State Cooperative SC Rajiv Gandhi Bhawan,SIH26092-053,FINANCING,SCHEME_ROUTE_VERIFIED,https://nsfdc.nic.in/storage/channel-partners/attachments/20260401_164458_Ip6UJm.pdf,VERIFIED_OFFICIAL
54f6596e-69f1-41ca-8090-0e6c8692121c,Madhya Pradesh MP State Cooperative SC Rajiv Gandhi Bhawan,SIH26092-054,FINANCING,SCHEME_ROUTE_VERIFIED,https://nsfdc.nic.in/storage/channel-partners/attachments/20260401_164458_Ip6UJm.pdf,VERIFIED_OFFICIAL
54f6596e-69f1-41ca-8090-0e6c8692121c,Madhya Pradesh MP State Cooperative SC Rajiv Gandhi Bhawan,SIH26092-055,FINANCING,SCHEME_ROUTE_VERIFIED,https://nsfdc.nic.in/storage/channel-partners/attachments/20260401_164458_Ip6UJm.pdf,VERIFIED_OFFICIAL
54f6596e-69f1-41ca-8090-0e6c8692121c,Madhya Pradesh MP State Cooperative SC Rajiv Gandhi Bhawan,SIH26092-056,FINANCING,SCHEME_ROUTE_VERIFIED,https://nsfdc.nic.in/storage/channel-partners/attachments/20260401_164458_Ip6UJm.pdf,VERIFIED_OFFICIAL
550a49a8-7745-4489-9ac9-f314c84d80ee,Konoklata mahila Urban Cooperative,SIH26092-002,FINANCING,SCHEME_ROUTE_VERIFIED,https://nsfdc.nic.in/storage/channel-partners/attachments/20251223_101341_Zcm8s6.pdf,VERIFIED_OFFICIAL
550a49a8-7745-4489-9ac9-f314c84d80ee,Konoklata mahila Urban Cooperative,SIH26092-052,FINANCING,SCHEME_ROUTE_VERIFIED,https://nsfdc.nic.in/storage/channel-partners/attachments/20251223_101341_Zcm8s6.pdf,VERIFIED_OFFICIAL
550a49a8-7745-4489-9ac9-f314c84d80ee,Konoklata mahila Urban Cooperative,SIH26092-054,FINANCING,SCHEME_ROUTE_VERIFIED,https://nsfdc.nic.in/storage/channel-partners/attachments/20251223_101341_Zcm8s6.pdf,VERIFIED_OFFICIAL
553c210b-9d07-4f4b-9b06-9f441d31137f,Meghalaya Rural Bank,SIH26092-001,FINANCING,SCHEME_ROUTE_VERIFIED,https://nsfdc.nic.in/storage/channel-partners/attachments/20260401_163145_9tiTZM.pdf,VERIFIED_OFFICIAL
553c210b-9d07-4f4b-9b06-9f441d31137f,Meghalaya Rural Bank,SIH26092-002,FINANCING,SCHEME_ROUTE_VERIFIED,https://nsfdc.nic.in/storage/channel-partners/attachments/20260401_163145_9tiTZM.pdf,VERIFIED_OFFICIAL
553c210b-9d07-4f4b-9b06-9f441d31137f,Meghalaya Rural Bank,SIH26092-052,FINANCING,SCHEME_ROUTE_VERIFIED,https://nsfdc.nic.in/storage/channel-partners/attachments/20260401_163145_9tiTZM.pdf,VERIFIED_OFFICIAL
553c210b-9d07-4f4b-9b06-9f441d31137f,Meghalaya Rural Bank,SIH26092-053,FINANCING,SCHEME_ROUTE_VERIFIED,https://nsfdc.nic.in/storage/channel-partners/attachments/20260401_163145_9tiTZM.pdf,VERIFIED_OFFICIAL
553c210b-9d07-4f4b-9b06-9f441d31137f,Meghalaya Rural Bank,SIH26092-055,FINANCING,SCHEME_ROUTE_VERIFIED,https://nsfdc.nic.in/storage/channel-partners/attachments/20260401_163145_9tiTZM.pdf,VERIFIED_OFFICIAL
58487a38-6433-4c77-81c6-f8ab3b8ce1ac,Himachal Pradesh Gramin Bank,SIH26092-001,FINANCING,SCHEME_ROUTE_VERIFIED,https://nsfdc.nic.in/storage/channel-partners/attachments/20260401_163145_9tiTZM.pdf,VERIFIED_OFFICIAL
58487a38-6433-4c77-81c6-f8ab3b8ce1ac,Himachal Pradesh Gramin Bank,SIH26092-002,FINANCING,SCHEME_ROUTE_VERIFIED,https://nsfdc.nic.in/storage/channel-partners/attachments/20260401_163145_9tiTZM.pdf,VERIFIED_OFFICIAL
58487a38-6433-4c77-81c6-f8ab3b8ce1ac,Himachal Pradesh Gramin Bank,SIH26092-052,FINANCING,SCHEME_ROUTE_VERIFIED,https://nsfdc.nic.in/storage/channel-partners/attachments/20260401_163145_9tiTZM.pdf,VERIFIED_OFFICIAL
58487a38-6433-4c77-81c6-f8ab3b8ce1ac,Himachal Pradesh Gramin Bank,SIH26092-053,FINANCING,SCHEME_ROUTE_VERIFIED,https://nsfdc.nic.in/storage/channel-partners/attachments/20260401_163145_9tiTZM.pdf,VERIFIED_OFFICIAL
58487a38-6433-4c77-81c6-f8ab3b8ce1ac,Himachal Pradesh Gramin Bank,SIH26092-055,FINANCING,SCHEME_ROUTE_VERIFIED,https://nsfdc.nic.in/storage/channel-partners/attachments/20260401_163145_9tiTZM.pdf,VERIFIED_OFFICIAL
58bcc34e-99f9-41fe-9c7d-38b500334510,Kerala Kerala State Development Town Hall Road,SIH26092-010,FINANCING,SCHEME_ROUTE_VERIFIED,https://nsfdc.nic.in/storage/channel-partners/attachments/20260401_164458_Ip6UJm.pdf,VERIFIED_OFFICIAL
58bcc34e-99f9-41fe-9c7d-38b500334510,Kerala Kerala State Development Town Hall Road,SIH26092-053,FINANCING,SCHEME_ROUTE_VERIFIED,https://nsfdc.nic.in/storage/channel-partners/attachments/20260401_164458_Ip6UJm.pdf,VERIFIED_OFFICIAL
58bcc34e-99f9-41fe-9c7d-38b500334510,Kerala Kerala State Development Town Hall Road,SIH26092-054,FINANCING,SCHEME_ROUTE_VERIFIED,https://nsfdc.nic.in/storage/channel-partners/attachments/20260401_164458_Ip6UJm.pdf,VERIFIED_OFFICIAL
58bcc34e-99f9-41fe-9c7d-38b500334510,Kerala Kerala State Development Town Hall Road,SIH26092-055,FINANCING,SCHEME_ROUTE_VERIFIED,https://nsfdc.nic.in/storage/channel-partners/attachments/20260401_164458_Ip6UJm.pdf,VERIFIED_OFFICIAL
58bcc34e-99f9-41fe-9c7d-38b500334510,Kerala Kerala State Development Town Hall Road,SIH26092-056,FINANCING,SCHEME_ROUTE_VERIFIED,https://nsfdc.nic.in/storage/channel-partners/attachments/20260401_164458_Ip6UJm.pdf,VERIFIED_OFFICIAL
5c1842c1-12b9-4ae2-82f9-588a7f7a5efb,Maharashtra Sant Rohidas Leather Industries Bombay Life Building,SIH26092-010,FINANCING,SCHEME_ROUTE_VERIFIED,https://nsfdc.nic.in/storage/channel-partners/attachments/20260401_164458_Ip6UJm.pdf,VERIFIED_OFFICIAL
5c1842c1-12b9-4ae2-82f9-588a7f7a5efb,Maharashtra Sant Rohidas Leather Industries Bombay Life Building,SIH26092-053,FINANCING,SCHEME_ROUTE_VERIFIED,https://nsfdc.nic.in/storage/channel-partners/attachments/20260401_164458_Ip6UJm.pdf,VERIFIED_OFFICIAL
5c1842c1-12b9-4ae2-82f9-588a7f7a5efb,Maharashtra Sant Rohidas Leather Industries Bombay Life Building,SIH26092-054,FINANCING,SCHEME_ROUTE_VERIFIED,https://nsfdc.nic.in/storage/channel-partners/attachments/20260401_164458_Ip6UJm.pdf,VERIFIED_OFFICIAL
5c1842c1-12b9-4ae2-82f9-588a7f7a5efb,Maharashtra Sant Rohidas Leather Industries Bombay Life Building,SIH26092-055,FINANCING,SCHEME_ROUTE_VERIFIED,https://nsfdc.nic.in/storage/channel-partners/attachments/20260401_164458_Ip6UJm.pdf,VERIFIED_OFFICIAL
5c1842c1-12b9-4ae2-82f9-588a7f7a5efb,Maharashtra Sant Rohidas Leather Industries Bombay Life Building,SIH26092-056,FINANCING,SCHEME_ROUTE_VERIFIED,https://nsfdc.nic.in/storage/channel-partners/attachments/20260401_164458_Ip6UJm.pdf,VERIFIED_OFFICIAL
5c244074-8ce0-4515-b50e-135c930bd688,Bank of Baroda,SIH26092-001,FINANCING,SCHEME_ROUTE_VERIFIED,https://nsfdc.nic.in/storage/channel-partners/attachments/20260408_100623_Bea3za.pdf,VERIFIED_OFFICIAL
5c244074-8ce0-4515-b50e-135c930bd688,Bank of Baroda,SIH26092-002,FINANCING,SCHEME_ROUTE_VERIFIED,https://nsfdc.nic.in/storage/channel-partners/attachments/20260408_100623_Bea3za.pdf,VERIFIED_OFFICIAL
5c244074-8ce0-4515-b50e-135c930bd688,Bank of Baroda,SIH26092-003,FINANCING,SCHEME_ROUTE_VERIFIED,https://nsfdc.nic.in/storage/channel-partners/attachments/20260408_100623_Bea3za.pdf,VERIFIED_OFFICIAL
5c244074-8ce0-4515-b50e-135c930bd688,Bank of Baroda,SIH26092-053,FINANCING,SCHEME_ROUTE_VERIFIED,https://nsfdc.nic.in/storage/channel-partners/attachments/20260408_100623_Bea3za.pdf,VERIFIED_OFFICIAL
5c244074-8ce0-4515-b50e-135c930bd688,Bank of Baroda,SIH26092-055,FINANCING,SCHEME_ROUTE_VERIFIED,https://nsfdc.nic.in/storage/channel-partners/attachments/20260408_100623_Bea3za.pdf,VERIFIED_OFFICIAL
5c244074-8ce0-4515-b50e-135c930bd688,Bank of Baroda,SIH26092-056,FINANCING,SCHEME_ROUTE_VERIFIED,https://nsfdc.nic.in/storage/channel-partners/attachments/20260408_100623_Bea3za.pdf,VERIFIED_OFFICIAL
5e2320dc-c748-45c4-a96a-65de1b4fac5a,Andhra Pradesh Andhra Pradesh Scheduled SP River View Apartments,SIH26092-010,FINANCING,SCHEME_ROUTE_VERIFIED,https://nsfdc.nic.in/storage/channel-partners/attachments/20260401_164458_Ip6UJm.pdf,VERIFIED_OFFICIAL
5e2320dc-c748-45c4-a96a-65de1b4fac5a,Andhra Pradesh Andhra Pradesh Scheduled SP River View Apartments,SIH26092-053,FINANCING,SCHEME_ROUTE_VERIFIED,https://nsfdc.nic.in/storage/channel-partners/attachments/20260401_164458_Ip6UJm.pdf,VERIFIED_OFFICIAL
5e2320dc-c748-45c4-a96a-65de1b4fac5a,Andhra Pradesh Andhra Pradesh Scheduled SP River View Apartments,SIH26092-054,FINANCING,SCHEME_ROUTE_VERIFIED,https://nsfdc.nic.in/storage/channel-partners/attachments/20260401_164458_Ip6UJm.pdf,VERIFIED_OFFICIAL
5e2320dc-c748-45c4-a96a-65de1b4fac5a,Andhra Pradesh Andhra Pradesh Scheduled SP River View Apartments,SIH26092-055,FINANCING,SCHEME_ROUTE_VERIFIED,https://nsfdc.nic.in/storage/channel-partners/attachments/20260401_164458_Ip6UJm.pdf,VERIFIED_OFFICIAL
5e2320dc-c748-45c4-a96a-65de1b4fac5a,Andhra Pradesh Andhra Pradesh Scheduled SP River View Apartments,SIH26092-056,FINANCING,SCHEME_ROUTE_VERIFIED,https://nsfdc.nic.in/storage/channel-partners/attachments/20260401_164458_Ip6UJm.pdf,VERIFIED_OFFICIAL
5fbd0539-07aa-4ffb-83c3-cff7ede183b0,Tamil Nadu Grama Bank,SIH26092-001,FINANCING,SCHEME_ROUTE_VERIFIED,https://nsfdc.nic.in/storage/channel-partners/attachments/20260401_163145_9tiTZM.pdf,VERIFIED_OFFICIAL
5fbd0539-07aa-4ffb-83c3-cff7ede183b0,Tamil Nadu Grama Bank,SIH26092-002,FINANCING,SCHEME_ROUTE_VERIFIED,https://nsfdc.nic.in/storage/channel-partners/attachments/20260401_163145_9tiTZM.pdf,VERIFIED_OFFICIAL
5fbd0539-07aa-4ffb-83c3-cff7ede183b0,Tamil Nadu Grama Bank,SIH26092-052,FINANCING,SCHEME_ROUTE_VERIFIED,https://nsfdc.nic.in/storage/channel-partners/attachments/20260401_163145_9tiTZM.pdf,VERIFIED_OFFICIAL
5fbd0539-07aa-4ffb-83c3-cff7ede183b0,Tamil Nadu Grama Bank,SIH26092-053,FINANCING,SCHEME_ROUTE_VERIFIED,https://nsfdc.nic.in/storage/channel-partners/attachments/20260401_163145_9tiTZM.pdf,VERIFIED_OFFICIAL
5fbd0539-07aa-4ffb-83c3-cff7ede183b0,Tamil Nadu Grama Bank,SIH26092-055,FINANCING,SCHEME_ROUTE_VERIFIED,https://nsfdc.nic.in/storage/channel-partners/attachments/20260401_163145_9tiTZM.pdf,VERIFIED_OFFICIAL
61cb0b78-2ff9-45d2-9453-04be897ec89e,Uttarakhand Uttarakhand Bahu-udeshiya Vitta Janjati Directorate,SIH26092-010,FINANCING,SCHEME_ROUTE_VERIFIED,https://nsfdc.nic.in/storage/channel-partners/attachments/20260401_164458_Ip6UJm.pdf,VERIFIED_OFFICIAL
61cb0b78-2ff9-45d2-9453-04be897ec89e,Uttarakhand Uttarakhand Bahu-udeshiya Vitta Janjati Directorate,SIH26092-053,FINANCING,SCHEME_ROUTE_VERIFIED,https://nsfdc.nic.in/storage/channel-partners/attachments/20260401_164458_Ip6UJm.pdf,VERIFIED_OFFICIAL
61cb0b78-2ff9-45d2-9453-04be897ec89e,Uttarakhand Uttarakhand Bahu-udeshiya Vitta Janjati Directorate,SIH26092-054,FINANCING,SCHEME_ROUTE_VERIFIED,https://nsfdc.nic.in/storage/channel-partners/attachments/20260401_164458_Ip6UJm.pdf,VERIFIED_OFFICIAL
61cb0b78-2ff9-45d2-9453-04be897ec89e,Uttarakhand Uttarakhand Bahu-udeshiya Vitta Janjati Directorate,SIH26092-055,FINANCING,SCHEME_ROUTE_VERIFIED,https://nsfdc.nic.in/storage/channel-partners/attachments/20260401_164458_Ip6UJm.pdf,VERIFIED_OFFICIAL
61cb0b78-2ff9-45d2-9453-04be897ec89e,Uttarakhand Uttarakhand Bahu-udeshiya Vitta Janjati Directorate,SIH26092-056,FINANCING,SCHEME_ROUTE_VERIFIED,https://nsfdc.nic.in/storage/channel-partners/attachments/20260401_164458_Ip6UJm.pdf,VERIFIED_OFFICIAL
67c75e7a-ede3-4bdb-bd6e-34c9fd6e07e9,Meghalaya Meghalaya Cooperative Apex M.G. Road,SIH26092-010,FINANCING,SCHEME_ROUTE_VERIFIED,https://nsfdc.nic.in/storage/channel-partners/attachments/20260401_164458_Ip6UJm.pdf,VERIFIED_OFFICIAL
67c75e7a-ede3-4bdb-bd6e-34c9fd6e07e9,Meghalaya Meghalaya Cooperative Apex M.G. Road,SIH26092-053,FINANCING,SCHEME_ROUTE_VERIFIED,https://nsfdc.nic.in/storage/channel-partners/attachments/20260401_164458_Ip6UJm.pdf,VERIFIED_OFFICIAL
67c75e7a-ede3-4bdb-bd6e-34c9fd6e07e9,Meghalaya Meghalaya Cooperative Apex M.G. Road,SIH26092-054,FINANCING,SCHEME_ROUTE_VERIFIED,https://nsfdc.nic.in/storage/channel-partners/attachments/20260401_164458_Ip6UJm.pdf,VERIFIED_OFFICIAL
67c75e7a-ede3-4bdb-bd6e-34c9fd6e07e9,Meghalaya Meghalaya Cooperative Apex M.G. Road,SIH26092-055,FINANCING,SCHEME_ROUTE_VERIFIED,https://nsfdc.nic.in/storage/channel-partners/attachments/20260401_164458_Ip6UJm.pdf,VERIFIED_OFFICIAL
67c75e7a-ede3-4bdb-bd6e-34c9fd6e07e9,Meghalaya Meghalaya Cooperative Apex M.G. Road,SIH26092-056,FINANCING,SCHEME_ROUTE_VERIFIED,https://nsfdc.nic.in/storage/channel-partners/attachments/20260401_164458_Ip6UJm.pdf,VERIFIED_OFFICIAL
67dbdc37-f939-41a5-8a62-e8a38a5fc4c6,Punjab Punjab Scheduled Castes Land SCO No.101-102-103,SIH26092-010,FINANCING,SCHEME_ROUTE_VERIFIED,https://nsfdc.nic.in/storage/channel-partners/attachments/20260401_164458_Ip6UJm.pdf,VERIFIED_OFFICIAL
67dbdc37-f939-41a5-8a62-e8a38a5fc4c6,Punjab Punjab Scheduled Castes Land SCO No.101-102-103,SIH26092-053,FINANCING,SCHEME_ROUTE_VERIFIED,https://nsfdc.nic.in/storage/channel-partners/attachments/20260401_164458_Ip6UJm.pdf,VERIFIED_OFFICIAL
67dbdc37-f939-41a5-8a62-e8a38a5fc4c6,Punjab Punjab Scheduled Castes Land SCO No.101-102-103,SIH26092-054,FINANCING,SCHEME_ROUTE_VERIFIED,https://nsfdc.nic.in/storage/channel-partners/attachments/20260401_164458_Ip6UJm.pdf,VERIFIED_OFFICIAL
67dbdc37-f939-41a5-8a62-e8a38a5fc4c6,Punjab Punjab Scheduled Castes Land SCO No.101-102-103,SIH26092-055,FINANCING,SCHEME_ROUTE_VERIFIED,https://nsfdc.nic.in/storage/channel-partners/attachments/20260401_164458_Ip6UJm.pdf,VERIFIED_OFFICIAL
67dbdc37-f939-41a5-8a62-e8a38a5fc4c6,Punjab Punjab Scheduled Castes Land SCO No.101-102-103,SIH26092-056,FINANCING,SCHEME_ROUTE_VERIFIED,https://nsfdc.nic.in/storage/channel-partners/attachments/20260401_164458_Ip6UJm.pdf,VERIFIED_OFFICIAL
67f7f12b-bd81-4bb5-9622-0eb33b3d4728,Andhra Pradesh Andhra Pradesh State Financial APSFC Building,SIH26092-010,FINANCING,SCHEME_ROUTE_VERIFIED,https://nsfdc.nic.in/storage/channel-partners/attachments/20260401_164458_Ip6UJm.pdf,VERIFIED_OFFICIAL
67f7f12b-bd81-4bb5-9622-0eb33b3d4728,Andhra Pradesh Andhra Pradesh State Financial APSFC Building,SIH26092-053,FINANCING,SCHEME_ROUTE_VERIFIED,https://nsfdc.nic.in/storage/channel-partners/attachments/20260401_164458_Ip6UJm.pdf,VERIFIED_OFFICIAL
67f7f12b-bd81-4bb5-9622-0eb33b3d4728,Andhra Pradesh Andhra Pradesh State Financial APSFC Building,SIH26092-054,FINANCING,SCHEME_ROUTE_VERIFIED,https://nsfdc.nic.in/storage/channel-partners/attachments/20260401_164458_Ip6UJm.pdf,VERIFIED_OFFICIAL
67f7f12b-bd81-4bb5-9622-0eb33b3d4728,Andhra Pradesh Andhra Pradesh State Financial APSFC Building,SIH26092-055,FINANCING,SCHEME_ROUTE_VERIFIED,https://nsfdc.nic.in/storage/channel-partners/attachments/20260401_164458_Ip6UJm.pdf,VERIFIED_OFFICIAL
67f7f12b-bd81-4bb5-9622-0eb33b3d4728,Andhra Pradesh Andhra Pradesh State Financial APSFC Building,SIH26092-056,FINANCING,SCHEME_ROUTE_VERIFIED,https://nsfdc.nic.in/storage/channel-partners/attachments/20260401_164458_Ip6UJm.pdf,VERIFIED_OFFICIAL
685d60bd-a6f8-49c2-8809-17a261eea094,Central bank Of India,SIH26092-001,FINANCING,SCHEME_ROUTE_VERIFIED,https://nsfdc.nic.in/storage/channel-partners/attachments/20260408_100623_Bea3za.pdf,VERIFIED_OFFICIAL
685d60bd-a6f8-49c2-8809-17a261eea094,Central bank Of India,SIH26092-002,FINANCING,SCHEME_ROUTE_VERIFIED,https://nsfdc.nic.in/storage/channel-partners/attachments/20260408_100623_Bea3za.pdf,VERIFIED_OFFICIAL
685d60bd-a6f8-49c2-8809-17a261eea094,Central bank Of India,SIH26092-003,FINANCING,SCHEME_ROUTE_VERIFIED,https://nsfdc.nic.in/storage/channel-partners/attachments/20260408_100623_Bea3za.pdf,VERIFIED_OFFICIAL
685d60bd-a6f8-49c2-8809-17a261eea094,Central bank Of India,SIH26092-053,FINANCING,SCHEME_ROUTE_VERIFIED,https://nsfdc.nic.in/storage/channel-partners/attachments/20260408_100623_Bea3za.pdf,VERIFIED_OFFICIAL
685d60bd-a6f8-49c2-8809-17a261eea094,Central bank Of India,SIH26092-055,FINANCING,SCHEME_ROUTE_VERIFIED,https://nsfdc.nic.in/storage/channel-partners/attachments/20260408_100623_Bea3za.pdf,VERIFIED_OFFICIAL
685d60bd-a6f8-49c2-8809-17a261eea094,Central bank Of India,SIH26092-056,FINANCING,SCHEME_ROUTE_VERIFIED,https://nsfdc.nic.in/storage/channel-partners/attachments/20260408_100623_Bea3za.pdf,VERIFIED_OFFICIAL
6b8dc71e-28b2-47a6-8b9e-02a4c3bc94d7,Rajendra Place,SIH26092-001,FINANCING,SCHEME_ROUTE_VERIFIED,https://nsfdc.nic.in/storage/channel-partners/attachments/20260408_100623_Bea3za.pdf,VERIFIED_OFFICIAL
6b8dc71e-28b2-47a6-8b9e-02a4c3bc94d7,Rajendra Place,SIH26092-002,FINANCING,SCHEME_ROUTE_VERIFIED,https://nsfdc.nic.in/storage/channel-partners/attachments/20260408_100623_Bea3za.pdf,VERIFIED_OFFICIAL
6b8dc71e-28b2-47a6-8b9e-02a4c3bc94d7,Rajendra Place,SIH26092-003,FINANCING,SCHEME_ROUTE_VERIFIED,https://nsfdc.nic.in/storage/channel-partners/attachments/20260408_100623_Bea3za.pdf,VERIFIED_OFFICIAL
6b8dc71e-28b2-47a6-8b9e-02a4c3bc94d7,Rajendra Place,SIH26092-053,FINANCING,SCHEME_ROUTE_VERIFIED,https://nsfdc.nic.in/storage/channel-partners/attachments/20260408_100623_Bea3za.pdf,VERIFIED_OFFICIAL
6b8dc71e-28b2-47a6-8b9e-02a4c3bc94d7,Rajendra Place,SIH26092-055,FINANCING,SCHEME_ROUTE_VERIFIED,https://nsfdc.nic.in/storage/channel-partners/attachments/20260408_100623_Bea3za.pdf,VERIFIED_OFFICIAL
6b8dc71e-28b2-47a6-8b9e-02a4c3bc94d7,Rajendra Place,SIH26092-056,FINANCING,SCHEME_ROUTE_VERIFIED,https://nsfdc.nic.in/storage/channel-partners/attachments/20260408_100623_Bea3za.pdf,VERIFIED_OFFICIAL
6f013d2e-1fe3-44e9-ae93-085861469e37,Assam Gramin Bank,SIH26092-001,FINANCING,SCHEME_ROUTE_VERIFIED,https://nsfdc.nic.in/storage/channel-partners/attachments/20260401_163145_9tiTZM.pdf,VERIFIED_OFFICIAL
6f013d2e-1fe3-44e9-ae93-085861469e37,Assam Gramin Bank,SIH26092-002,FINANCING,SCHEME_ROUTE_VERIFIED,https://nsfdc.nic.in/storage/channel-partners/attachments/20260401_163145_9tiTZM.pdf,VERIFIED_OFFICIAL
6f013d2e-1fe3-44e9-ae93-085861469e37,Assam Gramin Bank,SIH26092-052,FINANCING,SCHEME_ROUTE_VERIFIED,https://nsfdc.nic.in/storage/channel-partners/attachments/20260401_163145_9tiTZM.pdf,VERIFIED_OFFICIAL
6f013d2e-1fe3-44e9-ae93-085861469e37,Assam Gramin Bank,SIH26092-053,FINANCING,SCHEME_ROUTE_VERIFIED,https://nsfdc.nic.in/storage/channel-partners/attachments/20260401_163145_9tiTZM.pdf,VERIFIED_OFFICIAL
6f013d2e-1fe3-44e9-ae93-085861469e37,Assam Gramin Bank,SIH26092-055,FINANCING,SCHEME_ROUTE_VERIFIED,https://nsfdc.nic.in/storage/channel-partners/attachments/20260401_163145_9tiTZM.pdf,VERIFIED_OFFICIAL
6f90ae66-6b82-49eb-841f-673d8d6b16f5,Bihar Bihar State SCs Co-operative RN-212,SIH26092-010,FINANCING,SCHEME_ROUTE_VERIFIED,https://nsfdc.nic.in/storage/channel-partners/attachments/20260401_164458_Ip6UJm.pdf,VERIFIED_OFFICIAL
6f90ae66-6b82-49eb-841f-673d8d6b16f5,Bihar Bihar State SCs Co-operative RN-212,SIH26092-053,FINANCING,SCHEME_ROUTE_VERIFIED,https://nsfdc.nic.in/storage/channel-partners/attachments/20260401_164458_Ip6UJm.pdf,VERIFIED_OFFICIAL
6f90ae66-6b82-49eb-841f-673d8d6b16f5,Bihar Bihar State SCs Co-operative RN-212,SIH26092-054,FINANCING,SCHEME_ROUTE_VERIFIED,https://nsfdc.nic.in/storage/channel-partners/attachments/20260401_164458_Ip6UJm.pdf,VERIFIED_OFFICIAL
6f90ae66-6b82-49eb-841f-673d8d6b16f5,Bihar Bihar State SCs Co-operative RN-212,SIH26092-055,FINANCING,SCHEME_ROUTE_VERIFIED,https://nsfdc.nic.in/storage/channel-partners/attachments/20260401_164458_Ip6UJm.pdf,VERIFIED_OFFICIAL
6f90ae66-6b82-49eb-841f-673d8d6b16f5,Bihar Bihar State SCs Co-operative RN-212,SIH26092-056,FINANCING,SCHEME_ROUTE_VERIFIED,https://nsfdc.nic.in/storage/channel-partners/attachments/20260401_164458_Ip6UJm.pdf,VERIFIED_OFFICIAL
7021766c-5197-48e4-86bc-492114f27ff7,Rajasthan Rajasthan SCs & STs Fin. & III Floor,SIH26092-010,FINANCING,SCHEME_ROUTE_VERIFIED,https://nsfdc.nic.in/storage/channel-partners/attachments/20260401_164458_Ip6UJm.pdf,VERIFIED_OFFICIAL
7021766c-5197-48e4-86bc-492114f27ff7,Rajasthan Rajasthan SCs & STs Fin. & III Floor,SIH26092-053,FINANCING,SCHEME_ROUTE_VERIFIED,https://nsfdc.nic.in/storage/channel-partners/attachments/20260401_164458_Ip6UJm.pdf,VERIFIED_OFFICIAL
7021766c-5197-48e4-86bc-492114f27ff7,Rajasthan Rajasthan SCs & STs Fin. & III Floor,SIH26092-054,FINANCING,SCHEME_ROUTE_VERIFIED,https://nsfdc.nic.in/storage/channel-partners/attachments/20260401_164458_Ip6UJm.pdf,VERIFIED_OFFICIAL
7021766c-5197-48e4-86bc-492114f27ff7,Rajasthan Rajasthan SCs & STs Fin. & III Floor,SIH26092-055,FINANCING,SCHEME_ROUTE_VERIFIED,https://nsfdc.nic.in/storage/channel-partners/attachments/20260401_164458_Ip6UJm.pdf,VERIFIED_OFFICIAL
7021766c-5197-48e4-86bc-492114f27ff7,Rajasthan Rajasthan SCs & STs Fin. & III Floor,SIH26092-056,FINANCING,SCHEME_ROUTE_VERIFIED,https://nsfdc.nic.in/storage/channel-partners/attachments/20260401_164458_Ip6UJm.pdf,VERIFIED_OFFICIAL
770c5734-6c1a-4bbb-8f19-8514566ca5d3,Haryana Haryana SCs Fin. and SCO-2427-28,SIH26092-010,FINANCING,SCHEME_ROUTE_VERIFIED,https://nsfdc.nic.in/storage/channel-partners/attachments/20260401_164458_Ip6UJm.pdf,VERIFIED_OFFICIAL
770c5734-6c1a-4bbb-8f19-8514566ca5d3,Haryana Haryana SCs Fin. and SCO-2427-28,SIH26092-053,FINANCING,SCHEME_ROUTE_VERIFIED,https://nsfdc.nic.in/storage/channel-partners/attachments/20260401_164458_Ip6UJm.pdf,VERIFIED_OFFICIAL
770c5734-6c1a-4bbb-8f19-8514566ca5d3,Haryana Haryana SCs Fin. and SCO-2427-28,SIH26092-054,FINANCING,SCHEME_ROUTE_VERIFIED,https://nsfdc.nic.in/storage/channel-partners/attachments/20260401_164458_Ip6UJm.pdf,VERIFIED_OFFICIAL
770c5734-6c1a-4bbb-8f19-8514566ca5d3,Haryana Haryana SCs Fin. and SCO-2427-28,SIH26092-055,FINANCING,SCHEME_ROUTE_VERIFIED,https://nsfdc.nic.in/storage/channel-partners/attachments/20260401_164458_Ip6UJm.pdf,VERIFIED_OFFICIAL
770c5734-6c1a-4bbb-8f19-8514566ca5d3,Haryana Haryana SCs Fin. and SCO-2427-28,SIH26092-056,FINANCING,SCHEME_ROUTE_VERIFIED,https://nsfdc.nic.in/storage/channel-partners/attachments/20260401_164458_Ip6UJm.pdf,VERIFIED_OFFICIAL
7db7745d-c7ef-4a6a-b974-37cf81e3dcb0,Manipur Manipur Tribal Development Lamphelpat,SIH26092-010,FINANCING,SCHEME_ROUTE_VERIFIED,https://nsfdc.nic.in/storage/channel-partners/attachments/20260401_164458_Ip6UJm.pdf,VERIFIED_OFFICIAL
7db7745d-c7ef-4a6a-b974-37cf81e3dcb0,Manipur Manipur Tribal Development Lamphelpat,SIH26092-012,FINANCING,SCHEME_ROUTE_VERIFIED,https://nsfdc.nic.in/storage/channel-partners/attachments/20260401_164458_Ip6UJm.pdf,VERIFIED_OFFICIAL
7db7745d-c7ef-4a6a-b974-37cf81e3dcb0,Manipur Manipur Tribal Development Lamphelpat,SIH26092-013,FINANCING,SCHEME_ROUTE_VERIFIED,https://nsfdc.nic.in/storage/channel-partners/attachments/20260401_164458_Ip6UJm.pdf,VERIFIED_OFFICIAL
7db7745d-c7ef-4a6a-b974-37cf81e3dcb0,Manipur Manipur Tribal Development Lamphelpat,SIH26092-014,FINANCING,SCHEME_ROUTE_VERIFIED,https://nsfdc.nic.in/storage/channel-partners/attachments/20260401_164458_Ip6UJm.pdf,VERIFIED_OFFICIAL
7db7745d-c7ef-4a6a-b974-37cf81e3dcb0,Manipur Manipur Tribal Development Lamphelpat,SIH26092-053,FINANCING,SCHEME_ROUTE_VERIFIED,https://nsfdc.nic.in/storage/channel-partners/attachments/20260401_164458_Ip6UJm.pdf,VERIFIED_OFFICIAL
7db7745d-c7ef-4a6a-b974-37cf81e3dcb0,Manipur Manipur Tribal Development Lamphelpat,SIH26092-054,FINANCING,SCHEME_ROUTE_VERIFIED,https://nsfdc.nic.in/storage/channel-partners/attachments/20260401_164458_Ip6UJm.pdf,VERIFIED_OFFICIAL
7db7745d-c7ef-4a6a-b974-37cf81e3dcb0,Manipur Manipur Tribal Development Lamphelpat,SIH26092-055,FINANCING,SCHEME_ROUTE_VERIFIED,https://nsfdc.nic.in/storage/channel-partners/attachments/20260401_164458_Ip6UJm.pdf,VERIFIED_OFFICIAL
7db7745d-c7ef-4a6a-b974-37cf81e3dcb0,Manipur Manipur Tribal Development Lamphelpat,SIH26092-056,FINANCING,SCHEME_ROUTE_VERIFIED,https://nsfdc.nic.in/storage/channel-partners/attachments/20260401_164458_Ip6UJm.pdf,VERIFIED_OFFICIAL
7dece241-4db8-48de-9be3-5719921ebbf0,Punjab National Bank,SIH26092-001,FINANCING,SCHEME_ROUTE_VERIFIED,https://nsfdc.nic.in/storage/channel-partners/attachments/20260408_100623_Bea3za.pdf,VERIFIED_OFFICIAL
7dece241-4db8-48de-9be3-5719921ebbf0,Punjab National Bank,SIH26092-002,FINANCING,SCHEME_ROUTE_VERIFIED,https://nsfdc.nic.in/storage/channel-partners/attachments/20260408_100623_Bea3za.pdf,VERIFIED_OFFICIAL
7dece241-4db8-48de-9be3-5719921ebbf0,Punjab National Bank,SIH26092-003,FINANCING,SCHEME_ROUTE_VERIFIED,https://nsfdc.nic.in/storage/channel-partners/attachments/20260408_100623_Bea3za.pdf,VERIFIED_OFFICIAL
7dece241-4db8-48de-9be3-5719921ebbf0,Punjab National Bank,SIH26092-053,FINANCING,SCHEME_ROUTE_VERIFIED,https://nsfdc.nic.in/storage/channel-partners/attachments/20260408_100623_Bea3za.pdf,VERIFIED_OFFICIAL
7dece241-4db8-48de-9be3-5719921ebbf0,Punjab National Bank,SIH26092-055,FINANCING,SCHEME_ROUTE_VERIFIED,https://nsfdc.nic.in/storage/channel-partners/attachments/20260408_100623_Bea3za.pdf,VERIFIED_OFFICIAL
7dece241-4db8-48de-9be3-5719921ebbf0,Punjab National Bank,SIH26092-056,FINANCING,SCHEME_ROUTE_VERIFIED,https://nsfdc.nic.in/storage/channel-partners/attachments/20260408_100623_Bea3za.pdf,VERIFIED_OFFICIAL
81510aa2-0a9a-455e-87d8-26dbbd5d4da2,Mizoram Rural Bank,SIH26092-001,FINANCING,SCHEME_ROUTE_VERIFIED,https://nsfdc.nic.in/storage/channel-partners/attachments/20260401_163145_9tiTZM.pdf,VERIFIED_OFFICIAL
81510aa2-0a9a-455e-87d8-26dbbd5d4da2,Mizoram Rural Bank,SIH26092-002,FINANCING,SCHEME_ROUTE_VERIFIED,https://nsfdc.nic.in/storage/channel-partners/attachments/20260401_163145_9tiTZM.pdf,VERIFIED_OFFICIAL
81510aa2-0a9a-455e-87d8-26dbbd5d4da2,Mizoram Rural Bank,SIH26092-052,FINANCING,SCHEME_ROUTE_VERIFIED,https://nsfdc.nic.in/storage/channel-partners/attachments/20260401_163145_9tiTZM.pdf,VERIFIED_OFFICIAL
81510aa2-0a9a-455e-87d8-26dbbd5d4da2,Mizoram Rural Bank,SIH26092-053,FINANCING,SCHEME_ROUTE_VERIFIED,https://nsfdc.nic.in/storage/channel-partners/attachments/20260401_163145_9tiTZM.pdf,VERIFIED_OFFICIAL
81510aa2-0a9a-455e-87d8-26dbbd5d4da2,Mizoram Rural Bank,SIH26092-055,FINANCING,SCHEME_ROUTE_VERIFIED,https://nsfdc.nic.in/storage/channel-partners/attachments/20260401_163145_9tiTZM.pdf,VERIFIED_OFFICIAL
83752b0f-14ca-4f50-86de-c8ca42c4e0e4,Tikiapara,SIH26092-001,FINANCING,SCHEME_ROUTE_VERIFIED,https://nsfdc.nic.in/storage/channel-partners/attachments/20260401_163145_9tiTZM.pdf,VERIFIED_OFFICIAL
83752b0f-14ca-4f50-86de-c8ca42c4e0e4,Tikiapara,SIH26092-002,FINANCING,SCHEME_ROUTE_VERIFIED,https://nsfdc.nic.in/storage/channel-partners/attachments/20260401_163145_9tiTZM.pdf,VERIFIED_OFFICIAL
83752b0f-14ca-4f50-86de-c8ca42c4e0e4,Tikiapara,SIH26092-052,FINANCING,SCHEME_ROUTE_VERIFIED,https://nsfdc.nic.in/storage/channel-partners/attachments/20260401_163145_9tiTZM.pdf,VERIFIED_OFFICIAL
83752b0f-14ca-4f50-86de-c8ca42c4e0e4,Tikiapara,SIH26092-053,FINANCING,SCHEME_ROUTE_VERIFIED,https://nsfdc.nic.in/storage/channel-partners/attachments/20260401_163145_9tiTZM.pdf,VERIFIED_OFFICIAL
83752b0f-14ca-4f50-86de-c8ca42c4e0e4,Tikiapara,SIH26092-055,FINANCING,SCHEME_ROUTE_VERIFIED,https://nsfdc.nic.in/storage/channel-partners/attachments/20260401_163145_9tiTZM.pdf,VERIFIED_OFFICIAL
84279d00-97a4-4cba-b189-687bfb6848e6,Rajasthan Gramin Bank,SIH26092-001,FINANCING,SCHEME_ROUTE_VERIFIED,https://nsfdc.nic.in/storage/channel-partners/attachments/20260401_163145_9tiTZM.pdf,VERIFIED_OFFICIAL
84279d00-97a4-4cba-b189-687bfb6848e6,Rajasthan Gramin Bank,SIH26092-002,FINANCING,SCHEME_ROUTE_VERIFIED,https://nsfdc.nic.in/storage/channel-partners/attachments/20260401_163145_9tiTZM.pdf,VERIFIED_OFFICIAL
84279d00-97a4-4cba-b189-687bfb6848e6,Rajasthan Gramin Bank,SIH26092-052,FINANCING,SCHEME_ROUTE_VERIFIED,https://nsfdc.nic.in/storage/channel-partners/attachments/20260401_163145_9tiTZM.pdf,VERIFIED_OFFICIAL
84279d00-97a4-4cba-b189-687bfb6848e6,Rajasthan Gramin Bank,SIH26092-053,FINANCING,SCHEME_ROUTE_VERIFIED,https://nsfdc.nic.in/storage/channel-partners/attachments/20260401_163145_9tiTZM.pdf,VERIFIED_OFFICIAL
84279d00-97a4-4cba-b189-687bfb6848e6,Rajasthan Gramin Bank,SIH26092-055,FINANCING,SCHEME_ROUTE_VERIFIED,https://nsfdc.nic.in/storage/channel-partners/attachments/20260401_163145_9tiTZM.pdf,VERIFIED_OFFICIAL
84f21b21-8040-4931-8c45-de280ae929f6,Puducherry Grama Bank,SIH26092-001,FINANCING,SCHEME_ROUTE_VERIFIED,https://nsfdc.nic.in/storage/channel-partners/attachments/20260401_163145_9tiTZM.pdf,VERIFIED_OFFICIAL
84f21b21-8040-4931-8c45-de280ae929f6,Puducherry Grama Bank,SIH26092-002,FINANCING,SCHEME_ROUTE_VERIFIED,https://nsfdc.nic.in/storage/channel-partners/attachments/20260401_163145_9tiTZM.pdf,VERIFIED_OFFICIAL
84f21b21-8040-4931-8c45-de280ae929f6,Puducherry Grama Bank,SIH26092-052,FINANCING,SCHEME_ROUTE_VERIFIED,https://nsfdc.nic.in/storage/channel-partners/attachments/20260401_163145_9tiTZM.pdf,VERIFIED_OFFICIAL
84f21b21-8040-4931-8c45-de280ae929f6,Puducherry Grama Bank,SIH26092-053,FINANCING,SCHEME_ROUTE_VERIFIED,https://nsfdc.nic.in/storage/channel-partners/attachments/20260401_163145_9tiTZM.pdf,VERIFIED_OFFICIAL
84f21b21-8040-4931-8c45-de280ae929f6,Puducherry Grama Bank,SIH26092-055,FINANCING,SCHEME_ROUTE_VERIFIED,https://nsfdc.nic.in/storage/channel-partners/attachments/20260401_163145_9tiTZM.pdf,VERIFIED_OFFICIAL
8614d134-c945-455f-a10f-52faaf4528d6,Goa Goa State SCs & OBCs Finance 4th Floor,SIH26092-010,FINANCING,SCHEME_ROUTE_VERIFIED,https://nsfdc.nic.in/storage/channel-partners/attachments/20260401_164458_Ip6UJm.pdf,VERIFIED_OFFICIAL
8614d134-c945-455f-a10f-52faaf4528d6,Goa Goa State SCs & OBCs Finance 4th Floor,SIH26092-015,FINANCING,SCHEME_ROUTE_VERIFIED,https://nsfdc.nic.in/storage/channel-partners/attachments/20260401_164458_Ip6UJm.pdf,VERIFIED_OFFICIAL
8614d134-c945-455f-a10f-52faaf4528d6,Goa Goa State SCs & OBCs Finance 4th Floor,SIH26092-016,FINANCING,SCHEME_ROUTE_VERIFIED,https://nsfdc.nic.in/storage/channel-partners/attachments/20260401_164458_Ip6UJm.pdf,VERIFIED_OFFICIAL
8614d134-c945-455f-a10f-52faaf4528d6,Goa Goa State SCs & OBCs Finance 4th Floor,SIH26092-053,FINANCING,SCHEME_ROUTE_VERIFIED,https://nsfdc.nic.in/storage/channel-partners/attachments/20260401_164458_Ip6UJm.pdf,VERIFIED_OFFICIAL
8614d134-c945-455f-a10f-52faaf4528d6,Goa Goa State SCs & OBCs Finance 4th Floor,SIH26092-054,FINANCING,SCHEME_ROUTE_VERIFIED,https://nsfdc.nic.in/storage/channel-partners/attachments/20260401_164458_Ip6UJm.pdf,VERIFIED_OFFICIAL
8614d134-c945-455f-a10f-52faaf4528d6,Goa Goa State SCs & OBCs Finance 4th Floor,SIH26092-055,FINANCING,SCHEME_ROUTE_VERIFIED,https://nsfdc.nic.in/storage/channel-partners/attachments/20260401_164458_Ip6UJm.pdf,VERIFIED_OFFICIAL
8614d134-c945-455f-a10f-52faaf4528d6,Goa Goa State SCs & OBCs Finance 4th Floor,SIH26092-056,FINANCING,SCHEME_ROUTE_VERIFIED,https://nsfdc.nic.in/storage/channel-partners/attachments/20260401_164458_Ip6UJm.pdf,VERIFIED_OFFICIAL
86999842-c677-4406-a501-48eb9e76fabd,Streenidhi AP,SIH26092-002,FINANCING,SCHEME_ROUTE_VERIFIED,https://nsfdc.nic.in/storage/channel-partners/attachments/20251223_101341_Zcm8s6.pdf,VERIFIED_OFFICIAL
86999842-c677-4406-a501-48eb9e76fabd,Streenidhi AP,SIH26092-052,FINANCING,SCHEME_ROUTE_VERIFIED,https://nsfdc.nic.in/storage/channel-partners/attachments/20251223_101341_Zcm8s6.pdf,VERIFIED_OFFICIAL
86999842-c677-4406-a501-48eb9e76fabd,Streenidhi AP,SIH26092-054,FINANCING,SCHEME_ROUTE_VERIFIED,https://nsfdc.nic.in/storage/channel-partners/attachments/20251223_101341_Zcm8s6.pdf,VERIFIED_OFFICIAL
86c52401-df0c-4361-8cff-e658db2a9c86,Grameen Development & Finance Regd.Office: ‘Sahyadri Building” Private Limited,SIH26092-002,FINANCING,SCHEME_ROUTE_VERIFIED,https://nsfdc.nic.in/storage/channel-partners/attachments/20251223_101231_7smjJC.pdf,VERIFIED_OFFICIAL
86c52401-df0c-4361-8cff-e658db2a9c86,Grameen Development & Finance Regd.Office: ‘Sahyadri Building” Private Limited,SIH26092-052,FINANCING,SCHEME_ROUTE_VERIFIED,https://nsfdc.nic.in/storage/channel-partners/attachments/20251223_101231_7smjJC.pdf,VERIFIED_OFFICIAL
86c52401-df0c-4361-8cff-e658db2a9c86,Grameen Development & Finance Regd.Office: ‘Sahyadri Building” Private Limited,SIH26092-054,FINANCING,SCHEME_ROUTE_VERIFIED,https://nsfdc.nic.in/storage/channel-partners/attachments/20251223_101231_7smjJC.pdf,VERIFIED_OFFICIAL
87abb5d7-3ef5-4af8-b24e-0f53e22754ec,Indian Overseas Bank,SIH26092-001,FINANCING,SCHEME_ROUTE_VERIFIED,https://nsfdc.nic.in/storage/channel-partners/attachments/20260408_100623_Bea3za.pdf,VERIFIED_OFFICIAL
87abb5d7-3ef5-4af8-b24e-0f53e22754ec,Indian Overseas Bank,SIH26092-002,FINANCING,SCHEME_ROUTE_VERIFIED,https://nsfdc.nic.in/storage/channel-partners/attachments/20260408_100623_Bea3za.pdf,VERIFIED_OFFICIAL
87abb5d7-3ef5-4af8-b24e-0f53e22754ec,Indian Overseas Bank,SIH26092-003,FINANCING,SCHEME_ROUTE_VERIFIED,https://nsfdc.nic.in/storage/channel-partners/attachments/20260408_100623_Bea3za.pdf,VERIFIED_OFFICIAL
87abb5d7-3ef5-4af8-b24e-0f53e22754ec,Indian Overseas Bank,SIH26092-053,FINANCING,SCHEME_ROUTE_VERIFIED,https://nsfdc.nic.in/storage/channel-partners/attachments/20260408_100623_Bea3za.pdf,VERIFIED_OFFICIAL
87abb5d7-3ef5-4af8-b24e-0f53e22754ec,Indian Overseas Bank,SIH26092-055,FINANCING,SCHEME_ROUTE_VERIFIED,https://nsfdc.nic.in/storage/channel-partners/attachments/20260408_100623_Bea3za.pdf,VERIFIED_OFFICIAL
87abb5d7-3ef5-4af8-b24e-0f53e22754ec,Indian Overseas Bank,SIH26092-056,FINANCING,SCHEME_ROUTE_VERIFIED,https://nsfdc.nic.in/storage/channel-partners/attachments/20260408_100623_Bea3za.pdf,VERIFIED_OFFICIAL
8c1e52d8-4794-4a67-bbe8-5491be1dba65,Manipur Manipur SCs & STs Co- Nambun Long,SIH26092-010,FINANCING,SCHEME_ROUTE_VERIFIED,https://nsfdc.nic.in/storage/channel-partners/attachments/20260401_164458_Ip6UJm.pdf,VERIFIED_OFFICIAL
8c1e52d8-4794-4a67-bbe8-5491be1dba65,Manipur Manipur SCs & STs Co- Nambun Long,SIH26092-053,FINANCING,SCHEME_ROUTE_VERIFIED,https://nsfdc.nic.in/storage/channel-partners/attachments/20260401_164458_Ip6UJm.pdf,VERIFIED_OFFICIAL
8c1e52d8-4794-4a67-bbe8-5491be1dba65,Manipur Manipur SCs & STs Co- Nambun Long,SIH26092-054,FINANCING,SCHEME_ROUTE_VERIFIED,https://nsfdc.nic.in/storage/channel-partners/attachments/20260401_164458_Ip6UJm.pdf,VERIFIED_OFFICIAL
8c1e52d8-4794-4a67-bbe8-5491be1dba65,Manipur Manipur SCs & STs Co- Nambun Long,SIH26092-055,FINANCING,SCHEME_ROUTE_VERIFIED,https://nsfdc.nic.in/storage/channel-partners/attachments/20260401_164458_Ip6UJm.pdf,VERIFIED_OFFICIAL
8c1e52d8-4794-4a67-bbe8-5491be1dba65,Manipur Manipur SCs & STs Co- Nambun Long,SIH26092-056,FINANCING,SCHEME_ROUTE_VERIFIED,https://nsfdc.nic.in/storage/channel-partners/attachments/20260401_164458_Ip6UJm.pdf,VERIFIED_OFFICIAL
915f2d22-33f0-40ed-bdb3-e21b865d3fed,Shri Mahila Sewa Sahakari Bank Ltd,SIH26092-002,FINANCING,SCHEME_ROUTE_VERIFIED,https://nsfdc.nic.in/storage/channel-partners/attachments/20251223_101341_Zcm8s6.pdf,VERIFIED_OFFICIAL
915f2d22-33f0-40ed-bdb3-e21b865d3fed,Shri Mahila Sewa Sahakari Bank Ltd,SIH26092-052,FINANCING,SCHEME_ROUTE_VERIFIED,https://nsfdc.nic.in/storage/channel-partners/attachments/20251223_101341_Zcm8s6.pdf,VERIFIED_OFFICIAL
915f2d22-33f0-40ed-bdb3-e21b865d3fed,Shri Mahila Sewa Sahakari Bank Ltd,SIH26092-054,FINANCING,SCHEME_ROUTE_VERIFIED,https://nsfdc.nic.in/storage/channel-partners/attachments/20251223_101341_Zcm8s6.pdf,VERIFIED_OFFICIAL
92aadc27-8e04-4a69-93dc-f4757630c217,Mizoram Mizoram Urban Cooperative Lawlsawmiliani Building (Top Development Bank,SIH26092-010,FINANCING,SCHEME_ROUTE_VERIFIED,https://nsfdc.nic.in/storage/channel-partners/attachments/20260401_164458_Ip6UJm.pdf,VERIFIED_OFFICIAL
92aadc27-8e04-4a69-93dc-f4757630c217,Mizoram Mizoram Urban Cooperative Lawlsawmiliani Building (Top Development Bank,SIH26092-053,FINANCING,SCHEME_ROUTE_VERIFIED,https://nsfdc.nic.in/storage/channel-partners/attachments/20260401_164458_Ip6UJm.pdf,VERIFIED_OFFICIAL
92aadc27-8e04-4a69-93dc-f4757630c217,Mizoram Mizoram Urban Cooperative Lawlsawmiliani Building (Top Development Bank,SIH26092-054,FINANCING,SCHEME_ROUTE_VERIFIED,https://nsfdc.nic.in/storage/channel-partners/attachments/20260401_164458_Ip6UJm.pdf,VERIFIED_OFFICIAL
92aadc27-8e04-4a69-93dc-f4757630c217,Mizoram Mizoram Urban Cooperative Lawlsawmiliani Building (Top Development Bank,SIH26092-055,FINANCING,SCHEME_ROUTE_VERIFIED,https://nsfdc.nic.in/storage/channel-partners/attachments/20260401_164458_Ip6UJm.pdf,VERIFIED_OFFICIAL
92aadc27-8e04-4a69-93dc-f4757630c217,Mizoram Mizoram Urban Cooperative Lawlsawmiliani Building (Top Development Bank,SIH26092-056,FINANCING,SCHEME_ROUTE_VERIFIED,https://nsfdc.nic.in/storage/channel-partners/attachments/20260401_164458_Ip6UJm.pdf,VERIFIED_OFFICIAL
9381f6c7-d2d8-435e-a320-731879b5590e,Complex,SIH26092-001,FINANCING,SCHEME_ROUTE_VERIFIED,https://nsfdc.nic.in/storage/channel-partners/attachments/20260401_163145_9tiTZM.pdf,VERIFIED_OFFICIAL
9381f6c7-d2d8-435e-a320-731879b5590e,Complex,SIH26092-002,FINANCING,SCHEME_ROUTE_VERIFIED,https://nsfdc.nic.in/storage/channel-partners/attachments/20260401_163145_9tiTZM.pdf,VERIFIED_OFFICIAL
9381f6c7-d2d8-435e-a320-731879b5590e,Complex,SIH26092-052,FINANCING,SCHEME_ROUTE_VERIFIED,https://nsfdc.nic.in/storage/channel-partners/attachments/20260401_163145_9tiTZM.pdf,VERIFIED_OFFICIAL
9381f6c7-d2d8-435e-a320-731879b5590e,Complex,SIH26092-053,FINANCING,SCHEME_ROUTE_VERIFIED,https://nsfdc.nic.in/storage/channel-partners/attachments/20260401_163145_9tiTZM.pdf,VERIFIED_OFFICIAL
9381f6c7-d2d8-435e-a320-731879b5590e,Complex,SIH26092-055,FINANCING,SCHEME_ROUTE_VERIFIED,https://nsfdc.nic.in/storage/channel-partners/attachments/20260401_163145_9tiTZM.pdf,VERIFIED_OFFICIAL
96fb9e7c-25b5-4b25-b204-e110f2787963,Puducherry Puducherry Adi Dravidar Dev. III Floor,SIH26092-010,FINANCING,SCHEME_ROUTE_VERIFIED,https://nsfdc.nic.in/storage/channel-partners/attachments/20260401_164458_Ip6UJm.pdf,VERIFIED_OFFICIAL
96fb9e7c-25b5-4b25-b204-e110f2787963,Puducherry Puducherry Adi Dravidar Dev. III Floor,SIH26092-053,FINANCING,SCHEME_ROUTE_VERIFIED,https://nsfdc.nic.in/storage/channel-partners/attachments/20260401_164458_Ip6UJm.pdf,VERIFIED_OFFICIAL
96fb9e7c-25b5-4b25-b204-e110f2787963,Puducherry Puducherry Adi Dravidar Dev. III Floor,SIH26092-054,FINANCING,SCHEME_ROUTE_VERIFIED,https://nsfdc.nic.in/storage/channel-partners/attachments/20260401_164458_Ip6UJm.pdf,VERIFIED_OFFICIAL
96fb9e7c-25b5-4b25-b204-e110f2787963,Puducherry Puducherry Adi Dravidar Dev. III Floor,SIH26092-055,FINANCING,SCHEME_ROUTE_VERIFIED,https://nsfdc.nic.in/storage/channel-partners/attachments/20260401_164458_Ip6UJm.pdf,VERIFIED_OFFICIAL
96fb9e7c-25b5-4b25-b204-e110f2787963,Puducherry Puducherry Adi Dravidar Dev. III Floor,SIH26092-056,FINANCING,SCHEME_ROUTE_VERIFIED,https://nsfdc.nic.in/storage/channel-partners/attachments/20260401_164458_Ip6UJm.pdf,VERIFIED_OFFICIAL
98346956-4962-402c-b788-300f75c71dd2,Uttar Pradesh UP Sahkari Gram Vikas Bank 10,SIH26092-010,FINANCING,SCHEME_ROUTE_VERIFIED,https://nsfdc.nic.in/storage/channel-partners/attachments/20260401_164458_Ip6UJm.pdf,VERIFIED_OFFICIAL
98346956-4962-402c-b788-300f75c71dd2,Uttar Pradesh UP Sahkari Gram Vikas Bank 10,SIH26092-053,FINANCING,SCHEME_ROUTE_VERIFIED,https://nsfdc.nic.in/storage/channel-partners/attachments/20260401_164458_Ip6UJm.pdf,VERIFIED_OFFICIAL
98346956-4962-402c-b788-300f75c71dd2,Uttar Pradesh UP Sahkari Gram Vikas Bank 10,SIH26092-054,FINANCING,SCHEME_ROUTE_VERIFIED,https://nsfdc.nic.in/storage/channel-partners/attachments/20260401_164458_Ip6UJm.pdf,VERIFIED_OFFICIAL
98346956-4962-402c-b788-300f75c71dd2,Uttar Pradesh UP Sahkari Gram Vikas Bank 10,SIH26092-055,FINANCING,SCHEME_ROUTE_VERIFIED,https://nsfdc.nic.in/storage/channel-partners/attachments/20260401_164458_Ip6UJm.pdf,VERIFIED_OFFICIAL
98346956-4962-402c-b788-300f75c71dd2,Uttar Pradesh UP Sahkari Gram Vikas Bank 10,SIH26092-056,FINANCING,SCHEME_ROUTE_VERIFIED,https://nsfdc.nic.in/storage/channel-partners/attachments/20260401_164458_Ip6UJm.pdf,VERIFIED_OFFICIAL
98a9bb95-383b-4ecb-9aed-a019de786fee,Karnataka Dr B. R. Ambedkar Development 9th & 10th Floor,SIH26092-010,FINANCING,SCHEME_ROUTE_VERIFIED,https://nsfdc.nic.in/storage/channel-partners/attachments/20260401_164458_Ip6UJm.pdf,VERIFIED_OFFICIAL
98a9bb95-383b-4ecb-9aed-a019de786fee,Karnataka Dr B. R. Ambedkar Development 9th & 10th Floor,SIH26092-053,FINANCING,SCHEME_ROUTE_VERIFIED,https://nsfdc.nic.in/storage/channel-partners/attachments/20260401_164458_Ip6UJm.pdf,VERIFIED_OFFICIAL
98a9bb95-383b-4ecb-9aed-a019de786fee,Karnataka Dr B. R. Ambedkar Development 9th & 10th Floor,SIH26092-054,FINANCING,SCHEME_ROUTE_VERIFIED,https://nsfdc.nic.in/storage/channel-partners/attachments/20260401_164458_Ip6UJm.pdf,VERIFIED_OFFICIAL
98a9bb95-383b-4ecb-9aed-a019de786fee,Karnataka Dr B. R. Ambedkar Development 9th & 10th Floor,SIH26092-055,FINANCING,SCHEME_ROUTE_VERIFIED,https://nsfdc.nic.in/storage/channel-partners/attachments/20260401_164458_Ip6UJm.pdf,VERIFIED_OFFICIAL
98a9bb95-383b-4ecb-9aed-a019de786fee,Karnataka Dr B. R. Ambedkar Development 9th & 10th Floor,SIH26092-056,FINANCING,SCHEME_ROUTE_VERIFIED,https://nsfdc.nic.in/storage/channel-partners/attachments/20260401_164458_Ip6UJm.pdf,VERIFIED_OFFICIAL
9b05cbeb-1a9f-4f46-86d7-6ca2ff484d02,Vector Finance PVT LTD RO-K7/110,SIH26092-002,FINANCING,SCHEME_ROUTE_VERIFIED,https://nsfdc.nic.in/storage/channel-partners/attachments/20251223_101231_7smjJC.pdf,VERIFIED_OFFICIAL
9b05cbeb-1a9f-4f46-86d7-6ca2ff484d02,Vector Finance PVT LTD RO-K7/110,SIH26092-052,FINANCING,SCHEME_ROUTE_VERIFIED,https://nsfdc.nic.in/storage/channel-partners/attachments/20251223_101231_7smjJC.pdf,VERIFIED_OFFICIAL
9b05cbeb-1a9f-4f46-86d7-6ca2ff484d02,Vector Finance PVT LTD RO-K7/110,SIH26092-054,FINANCING,SCHEME_ROUTE_VERIFIED,https://nsfdc.nic.in/storage/channel-partners/attachments/20251223_101231_7smjJC.pdf,VERIFIED_OFFICIAL
9e0c0f81-a704-4a8c-9767-984568b82f9a,UCO Bank,SIH26092-001,FINANCING,SCHEME_ROUTE_VERIFIED,https://nsfdc.nic.in/storage/channel-partners/attachments/20260408_100623_Bea3za.pdf,VERIFIED_OFFICIAL
9e0c0f81-a704-4a8c-9767-984568b82f9a,UCO Bank,SIH26092-002,FINANCING,SCHEME_ROUTE_VERIFIED,https://nsfdc.nic.in/storage/channel-partners/attachments/20260408_100623_Bea3za.pdf,VERIFIED_OFFICIAL
9e0c0f81-a704-4a8c-9767-984568b82f9a,UCO Bank,SIH26092-003,FINANCING,SCHEME_ROUTE_VERIFIED,https://nsfdc.nic.in/storage/channel-partners/attachments/20260408_100623_Bea3za.pdf,VERIFIED_OFFICIAL
9e0c0f81-a704-4a8c-9767-984568b82f9a,UCO Bank,SIH26092-053,FINANCING,SCHEME_ROUTE_VERIFIED,https://nsfdc.nic.in/storage/channel-partners/attachments/20260408_100623_Bea3za.pdf,VERIFIED_OFFICIAL
9e0c0f81-a704-4a8c-9767-984568b82f9a,UCO Bank,SIH26092-055,FINANCING,SCHEME_ROUTE_VERIFIED,https://nsfdc.nic.in/storage/channel-partners/attachments/20260408_100623_Bea3za.pdf,VERIFIED_OFFICIAL
9e0c0f81-a704-4a8c-9767-984568b82f9a,UCO Bank,SIH26092-056,FINANCING,SCHEME_ROUTE_VERIFIED,https://nsfdc.nic.in/storage/channel-partners/attachments/20260408_100623_Bea3za.pdf,VERIFIED_OFFICIAL
PARTNER-GKP-BOB-01,Bank of Baroda MSME Branch Gorakhpur,SIH26092-001,FINANCING,SCHEME_ROUTE_VERIFIED,https://www.bankofbaroda.in/branch-locator,VERIFIED_OFFICIAL
PARTNER-GKP-BOB-01,Bank of Baroda MSME Branch Gorakhpur,SIH26092-002,FINANCING,SCHEME_ROUTE_VERIFIED,https://www.bankofbaroda.in/branch-locator,VERIFIED_OFFICIAL
PARTNER-GKP-BOB-01,Bank of Baroda MSME Branch Gorakhpur,SIH26092-003,FINANCING,SCHEME_ROUTE_VERIFIED,https://www.bankofbaroda.in/branch-locator,VERIFIED_OFFICIAL
PARTNER-GKP-CBI-01,Central Bank of India Main Branch Gorakhpur,SIH26092-001,FINANCING,SCHEME_ROUTE_VERIFIED,https://www.centralbankofindia.co.in/en/branch-locator,VERIFIED_OFFICIAL
PARTNER-GKP-CBI-01,Central Bank of India Main Branch Gorakhpur,SIH26092-002,FINANCING,SCHEME_ROUTE_VERIFIED,https://www.centralbankofindia.co.in/en/branch-locator,VERIFIED_OFFICIAL
PARTNER-GKP-CBI-01,Central Bank of India Main Branch Gorakhpur,SIH26092-004,FINANCING,SCHEME_ROUTE_VERIFIED,https://www.centralbankofindia.co.in/en/branch-locator,VERIFIED_OFFICIAL
PARTNER-GKP-CNRB-01,Canara Bank MSME Sulabh Branch Gorakhpur,SIH26092-001,FINANCING,SCHEME_ROUTE_VERIFIED,https://canarabank.com/branch-locator,VERIFIED_OFFICIAL
PARTNER-GKP-CNRB-01,Canara Bank MSME Sulabh Branch Gorakhpur,SIH26092-002,FINANCING,SCHEME_ROUTE_VERIFIED,https://canarabank.com/branch-locator,VERIFIED_OFFICIAL
PARTNER-GKP-CNRB-01,Canara Bank MSME Sulabh Branch Gorakhpur,SIH26092-003,FINANCING,SCHEME_ROUTE_VERIFIED,https://canarabank.com/branch-locator,VERIFIED_OFFICIAL
PARTNER-GKP-DIC-01,District Industries and Enterprise Promotion Centre (DIC) Gorakhpur,SIH26092-001,IMPLEMENTATION,OFFICIAL_IMPLEMENTING_AGENCY,https://msme.up.gov.in/,VERIFIED_OFFICIAL
PARTNER-GKP-DIC-01,District Industries and Enterprise Promotion Centre (DIC) Gorakhpur,SIH26092-005,IMPLEMENTATION,OFFICIAL_IMPLEMENTING_AGENCY,https://msme.up.gov.in/,VERIFIED_OFFICIAL
PARTNER-GKP-IB-01,Indian Bank Main Branch Gorakhpur,SIH26092-001,FINANCING,SCHEME_ROUTE_VERIFIED,https://www.indianbank.in/branch-locator,VERIFIED_OFFICIAL
PARTNER-GKP-IB-01,Indian Bank Main Branch Gorakhpur,SIH26092-002,FINANCING,SCHEME_ROUTE_VERIFIED,https://www.indianbank.in/branch-locator,VERIFIED_OFFICIAL
PARTNER-GKP-IB-01,Indian Bank Main Branch Gorakhpur,SIH26092-004,FINANCING,SCHEME_ROUTE_VERIFIED,https://www.indianbank.in/branch-locator,VERIFIED_OFFICIAL
PARTNER-GKP-KVIC-01,Khadi and Village Industries Commission (KVIC) Divisional Office Gorakhpur,SIH26092-001,IMPLEMENTATION,OFFICIAL_IMPLEMENTING_AGENCY,https://www.kviconline.gov.in/pmegpeportal/dashboard/helpDeskNo.jsp,VERIFIED_OFFICIAL
PARTNER-GKP-PNB-01,Punjab National Bank Circle Office & Branch Gorakhpur,SIH26092-001,FINANCING,SCHEME_ROUTE_VERIFIED,https://www.pnbindia.in/branch-locator.aspx,VERIFIED_OFFICIAL
PARTNER-GKP-PNB-01,Punjab National Bank Circle Office & Branch Gorakhpur,SIH26092-002,FINANCING,SCHEME_ROUTE_VERIFIED,https://www.pnbindia.in/branch-locator.aspx,VERIFIED_OFFICIAL
PARTNER-GKP-PNB-01,Punjab National Bank Circle Office & Branch Gorakhpur,SIH26092-003,FINANCING,SCHEME_ROUTE_VERIFIED,https://www.pnbindia.in/branch-locator.aspx,VERIFIED_OFFICIAL
PARTNER-GKP-RSETI-01,State Bank of India Rural Self Employment Training Institute (SBI RSETI) Gorakhpur,SIH26092-001,TRAINING,TRAINING_PARTNER,https://www.kviconline.gov.in/pmegpeportal/,VERIFIED_OFFICIAL
PARTNER-GKP-UBI-01,Union Bank of India Regional Office & Branch Gorakhpur,SIH26092-001,FINANCING,SCHEME_ROUTE_VERIFIED,https://www.unionbankofindia.co.in/english/branch-locator.aspx,VERIFIED_OFFICIAL
PARTNER-GKP-UBI-01,Union Bank of India Regional Office & Branch Gorakhpur,SIH26092-002,FINANCING,SCHEME_ROUTE_VERIFIED,https://www.unionbankofindia.co.in/english/branch-locator.aspx,VERIFIED_OFFICIAL
PARTNER-GKP-UBI-01,Union Bank of India Regional Office & Branch Gorakhpur,SIH26092-004,FINANCING,SCHEME_ROUTE_VERIFIED,https://www.unionbankofindia.co.in/english/branch-locator.aspx,VERIFIED_OFFICIAL
PARTNER-GKP-UPSCFDC-01,Uttar Pradesh Scheduled Caste Finance and Development Corporation (UPSCFDC) Gorakhpur,SIH26092-010,APPLICATION_ASSISTANCE,AUTHORIZED_SCA,https://www.upscfdc.in/contacts,VERIFIED_OFFICIAL
PARTNER-GKP-UPSCFDC-01,Uttar Pradesh Scheduled Caste Finance and Development Corporation (UPSCFDC) Gorakhpur,SIH26092-052,APPLICATION_ASSISTANCE,AUTHORIZED_SCA,https://www.upscfdc.in/contacts,VERIFIED_OFFICIAL
PARTNER-GKP-UPSCFDC-01,Uttar Pradesh Scheduled Caste Finance and Development Corporation (UPSCFDC) Gorakhpur,SIH26092-053,APPLICATION_ASSISTANCE,AUTHORIZED_SCA,https://www.upscfdc.in/contacts,VERIFIED_OFFICIAL
PARTNER-GKP-UPSCFDC-01,Uttar Pradesh Scheduled Caste Finance and Development Corporation (UPSCFDC) Gorakhpur,SIH26092-054,APPLICATION_ASSISTANCE,AUTHORIZED_SCA,https://www.upscfdc.in/contacts,VERIFIED_OFFICIAL
PARTNER-GKP-UPSCFDC-01,Uttar Pradesh Scheduled Caste Finance and Development Corporation (UPSCFDC) Gorakhpur,SIH26092-055,APPLICATION_ASSISTANCE,AUTHORIZED_SCA,https://www.upscfdc.in/contacts,VERIFIED_OFFICIAL
PARTNER-GKP-UPSCFDC-01,Uttar Pradesh Scheduled Caste Finance and Development Corporation (UPSCFDC) Gorakhpur,SIH26092-056,APPLICATION_ASSISTANCE,AUTHORIZED_SCA,https://www.upscfdc.in/contacts,VERIFIED_OFFICIAL
PARTNER-UP-BST-DIC-01,District Industries and Enterprise Promotion Centre (DIC) Basti,SIH26092-001,IMPLEMENTATION,OFFICIAL_IMPLEMENTING_AGENCY,https://msme.up.gov.in/,VERIFIED_OFFICIAL
PARTNER-UP-DEO-DIC-01,District Industries and Enterprise Promotion Centre (DIC) Deoria,SIH26092-001,IMPLEMENTATION,OFFICIAL_IMPLEMENTING_AGENCY,https://msme.up.gov.in/,VERIFIED_OFFICIAL
PARTNER-UP-DEO-UPSCFDC-01,Uttar Pradesh Scheduled Caste Finance and Development Corporation (UPSCFDC) Deoria,SIH26092-052,APPLICATION_ASSISTANCE,AUTHORIZED_SCA,https://www.upscfdc.in/contacts,VERIFIED_OFFICIAL
PARTNER-UP-DEO-UPSCFDC-01,Uttar Pradesh Scheduled Caste Finance and Development Corporation (UPSCFDC) Deoria,SIH26092-053,APPLICATION_ASSISTANCE,AUTHORIZED_SCA,https://www.upscfdc.in/contacts,VERIFIED_OFFICIAL
PARTNER-UP-KNP-DIC-01,District Industries and Enterprise Promotion Centre (DIC) Kanpur Nagar,SIH26092-001,IMPLEMENTATION,OFFICIAL_IMPLEMENTING_AGENCY,https://msme.up.gov.in/,VERIFIED_OFFICIAL
PARTNER-UP-KNP-DIC-01,District Industries and Enterprise Promotion Centre (DIC) Kanpur Nagar,SIH26092-005,IMPLEMENTATION,OFFICIAL_IMPLEMENTING_AGENCY,https://msme.up.gov.in/,VERIFIED_OFFICIAL
PARTNER-UP-KUS-DIC-01,District Industries and Enterprise Promotion Centre (DIC) Kushinagar,SIH26092-001,IMPLEMENTATION,OFFICIAL_IMPLEMENTING_AGENCY,https://msme.up.gov.in/,VERIFIED_OFFICIAL
PARTNER-UP-LKO-DIC-01,District Industries and Enterprise Promotion Centre (DIC) Lucknow,SIH26092-001,IMPLEMENTATION,OFFICIAL_IMPLEMENTING_AGENCY,https://msme.up.gov.in/,VERIFIED_OFFICIAL
PARTNER-UP-LKO-DIC-01,District Industries and Enterprise Promotion Centre (DIC) Lucknow,SIH26092-005,IMPLEMENTATION,OFFICIAL_IMPLEMENTING_AGENCY,https://msme.up.gov.in/,VERIFIED_OFFICIAL
PARTNER-UP-LKO-KVIC-01,Khadi and Village Industries Commission (KVIC) State Office Lucknow,SIH26092-001,IMPLEMENTATION,OFFICIAL_IMPLEMENTING_AGENCY,https://www.kviconline.gov.in/,VERIFIED_OFFICIAL
PARTNER-UP-LKO-SIDBI-01,Small Industries Development Bank of India (SIDBI) Head Office,SIH26092-002,REFINANCE,STATUTORY_APEX_AGENCY,https://www.sidbi.in/,VERIFIED_OFFICIAL
PARTNER-UP-LKO-SIDBI-01,Small Industries Development Bank of India (SIDBI) Head Office,SIH26092-003,FINANCING,STATUTORY_APEX_AGENCY,https://www.sidbi.in/,VERIFIED_OFFICIAL
PARTNER-UP-LKO-UPSCFDC-01,Uttar Pradesh Scheduled Caste Finance and Development Corporation (UPSCFDC) Head Office,SIH26092-010,APPLICATION_ASSISTANCE,AUTHORIZED_SCA,https://www.upscfdc.in/,VERIFIED_OFFICIAL
PARTNER-UP-LKO-UPSCFDC-01,Uttar Pradesh Scheduled Caste Finance and Development Corporation (UPSCFDC) Head Office,SIH26092-052,APPLICATION_ASSISTANCE,AUTHORIZED_SCA,https://www.upscfdc.in/,VERIFIED_OFFICIAL
PARTNER-UP-LKO-UPSCFDC-01,Uttar Pradesh Scheduled Caste Finance and Development Corporation (UPSCFDC) Head Office,SIH26092-053,APPLICATION_ASSISTANCE,AUTHORIZED_SCA,https://www.upscfdc.in/,VERIFIED_OFFICIAL
PARTNER-UP-LKO-UPSCFDC-01,Uttar Pradesh Scheduled Caste Finance and Development Corporation (UPSCFDC) Head Office,SIH26092-054,APPLICATION_ASSISTANCE,AUTHORIZED_SCA,https://www.upscfdc.in/,VERIFIED_OFFICIAL
PARTNER-UP-LKO-UPSCFDC-01,Uttar Pradesh Scheduled Caste Finance and Development Corporation (UPSCFDC) Head Office,SIH26092-055,APPLICATION_ASSISTANCE,AUTHORIZED_SCA,https://www.upscfdc.in/,VERIFIED_OFFICIAL
PARTNER-UP-LKO-UPSCFDC-01,Uttar Pradesh Scheduled Caste Finance and Development Corporation (UPSCFDC) Head Office,SIH26092-056,APPLICATION_ASSISTANCE,AUTHORIZED_SCA,https://www.upscfdc.in/,VERIFIED_OFFICIAL
PARTNER-UP-PRY-DIC-01,District Industries and Enterprise Promotion Centre (DIC) Prayagraj,SIH26092-001,IMPLEMENTATION,OFFICIAL_IMPLEMENTING_AGENCY,https://msme.up.gov.in/,VERIFIED_OFFICIAL
PARTNER-UP-VNS-DIC-01,District Industries and Enterprise Promotion Centre (DIC) Varanasi,SIH26092-001,IMPLEMENTATION,OFFICIAL_IMPLEMENTING_AGENCY,https://msme.up.gov.in/,VERIFIED_OFFICIAL
PARTNER-UP-VNS-DIC-01,District Industries and Enterprise Promotion Centre (DIC) Varanasi,SIH26092-005,IMPLEMENTATION,OFFICIAL_IMPLEMENTING_AGENCY,https://msme.up.gov.in/,VERIFIED_OFFICIAL
PARTNER-UP-VNS-UBI-01,Union Bank of India MSME Branch Varanasi,SIH26092-001,FINANCING,SCHEME_ROUTE_VERIFIED,https://www.unionbankofindia.co.in/,VERIFIED_OFFICIAL
PARTNER-UP-VNS-UBI-01,Union Bank of India MSME Branch Varanasi,SIH26092-002,FINANCING,SCHEME_ROUTE_VERIFIED,https://www.unionbankofindia.co.in/,VERIFIED_OFFICIAL
PARTNER-UP-VNS-UPSCFDC-01,Uttar Pradesh Scheduled Caste Finance and Development Corporation (UPSCFDC) Varanasi,SIH26092-052,APPLICATION_ASSISTANCE,AUTHORIZED_SCA,https://www.upscfdc.in/contacts,VERIFIED_OFFICIAL
PARTNER-UP-VNS-UPSCFDC-01,Uttar Pradesh Scheduled Caste Finance and Development Corporation (UPSCFDC) Varanasi,SIH26092-053,APPLICATION_ASSISTANCE,AUTHORIZED_SCA,https://www.upscfdc.in/contacts,VERIFIED_OFFICIAL
PARTNER-UP-VNS-UPSCFDC-01,Uttar Pradesh Scheduled Caste Finance and Development Corporation (UPSCFDC) Varanasi,SIH26092-055,APPLICATION_ASSISTANCE,AUTHORIZED_SCA,https://www.upscfdc.in/contacts,VERIFIED_OFFICIAL
aab58822-6a2a-4e27-a6c5-17db9d5d9bf1,Gujarat The Managing Director,SIH26092-010,FINANCING,SCHEME_ROUTE_VERIFIED,https://nsfdc.nic.in/storage/channel-partners/attachments/20260401_164458_Ip6UJm.pdf,VERIFIED_OFFICIAL
aab58822-6a2a-4e27-a6c5-17db9d5d9bf1,Gujarat The Managing Director,SIH26092-053,FINANCING,SCHEME_ROUTE_VERIFIED,https://nsfdc.nic.in/storage/channel-partners/attachments/20260401_164458_Ip6UJm.pdf,VERIFIED_OFFICIAL
aab58822-6a2a-4e27-a6c5-17db9d5d9bf1,Gujarat The Managing Director,SIH26092-054,FINANCING,SCHEME_ROUTE_VERIFIED,https://nsfdc.nic.in/storage/channel-partners/attachments/20260401_164458_Ip6UJm.pdf,VERIFIED_OFFICIAL
aab58822-6a2a-4e27-a6c5-17db9d5d9bf1,Gujarat The Managing Director,SIH26092-055,FINANCING,SCHEME_ROUTE_VERIFIED,https://nsfdc.nic.in/storage/channel-partners/attachments/20260401_164458_Ip6UJm.pdf,VERIFIED_OFFICIAL
aab58822-6a2a-4e27-a6c5-17db9d5d9bf1,Gujarat The Managing Director,SIH26092-056,FINANCING,SCHEME_ROUTE_VERIFIED,https://nsfdc.nic.in/storage/channel-partners/attachments/20260401_164458_Ip6UJm.pdf,VERIFIED_OFFICIAL
ab2f472d-2b84-44ab-84ca-0b9dac3ca0ab,Punjab Gramin Bank,SIH26092-001,FINANCING,SCHEME_ROUTE_VERIFIED,https://nsfdc.nic.in/storage/channel-partners/attachments/20260401_163145_9tiTZM.pdf,VERIFIED_OFFICIAL
ab2f472d-2b84-44ab-84ca-0b9dac3ca0ab,Punjab Gramin Bank,SIH26092-002,FINANCING,SCHEME_ROUTE_VERIFIED,https://nsfdc.nic.in/storage/channel-partners/attachments/20260401_163145_9tiTZM.pdf,VERIFIED_OFFICIAL
ab2f472d-2b84-44ab-84ca-0b9dac3ca0ab,Punjab Gramin Bank,SIH26092-052,FINANCING,SCHEME_ROUTE_VERIFIED,https://nsfdc.nic.in/storage/channel-partners/attachments/20260401_163145_9tiTZM.pdf,VERIFIED_OFFICIAL
ab2f472d-2b84-44ab-84ca-0b9dac3ca0ab,Punjab Gramin Bank,SIH26092-053,FINANCING,SCHEME_ROUTE_VERIFIED,https://nsfdc.nic.in/storage/channel-partners/attachments/20260401_163145_9tiTZM.pdf,VERIFIED_OFFICIAL
ab2f472d-2b84-44ab-84ca-0b9dac3ca0ab,Punjab Gramin Bank,SIH26092-055,FINANCING,SCHEME_ROUTE_VERIFIED,https://nsfdc.nic.in/storage/channel-partners/attachments/20260401_163145_9tiTZM.pdf,VERIFIED_OFFICIAL
ac20c956-fb25-43bc-8f1d-44decf194c8d,Dadra & Nagar Dadra & Nagar Haveli,SIH26092-010,FINANCING,SCHEME_ROUTE_VERIFIED,https://nsfdc.nic.in/storage/channel-partners/attachments/20260401_164458_Ip6UJm.pdf,VERIFIED_OFFICIAL
ac20c956-fb25-43bc-8f1d-44decf194c8d,Dadra & Nagar Dadra & Nagar Haveli,SIH26092-053,FINANCING,SCHEME_ROUTE_VERIFIED,https://nsfdc.nic.in/storage/channel-partners/attachments/20260401_164458_Ip6UJm.pdf,VERIFIED_OFFICIAL
ac20c956-fb25-43bc-8f1d-44decf194c8d,Dadra & Nagar Dadra & Nagar Haveli,SIH26092-054,FINANCING,SCHEME_ROUTE_VERIFIED,https://nsfdc.nic.in/storage/channel-partners/attachments/20260401_164458_Ip6UJm.pdf,VERIFIED_OFFICIAL
ac20c956-fb25-43bc-8f1d-44decf194c8d,Dadra & Nagar Dadra & Nagar Haveli,SIH26092-055,FINANCING,SCHEME_ROUTE_VERIFIED,https://nsfdc.nic.in/storage/channel-partners/attachments/20260401_164458_Ip6UJm.pdf,VERIFIED_OFFICIAL
ac20c956-fb25-43bc-8f1d-44decf194c8d,Dadra & Nagar Dadra & Nagar Haveli,SIH26092-056,FINANCING,SCHEME_ROUTE_VERIFIED,https://nsfdc.nic.in/storage/channel-partners/attachments/20260401_164458_Ip6UJm.pdf,VERIFIED_OFFICIAL
afd49bd5-8539-4e70-9ce1-edffb55517a4,Andhra Pradesh Grameena Bank,SIH26092-001,FINANCING,SCHEME_ROUTE_VERIFIED,https://nsfdc.nic.in/storage/channel-partners/attachments/20260401_163145_9tiTZM.pdf,VERIFIED_OFFICIAL
afd49bd5-8539-4e70-9ce1-edffb55517a4,Andhra Pradesh Grameena Bank,SIH26092-002,FINANCING,SCHEME_ROUTE_VERIFIED,https://nsfdc.nic.in/storage/channel-partners/attachments/20260401_163145_9tiTZM.pdf,VERIFIED_OFFICIAL
afd49bd5-8539-4e70-9ce1-edffb55517a4,Andhra Pradesh Grameena Bank,SIH26092-052,FINANCING,SCHEME_ROUTE_VERIFIED,https://nsfdc.nic.in/storage/channel-partners/attachments/20260401_163145_9tiTZM.pdf,VERIFIED_OFFICIAL
afd49bd5-8539-4e70-9ce1-edffb55517a4,Andhra Pradesh Grameena Bank,SIH26092-053,FINANCING,SCHEME_ROUTE_VERIFIED,https://nsfdc.nic.in/storage/channel-partners/attachments/20260401_163145_9tiTZM.pdf,VERIFIED_OFFICIAL
afd49bd5-8539-4e70-9ce1-edffb55517a4,Andhra Pradesh Grameena Bank,SIH26092-055,FINANCING,SCHEME_ROUTE_VERIFIED,https://nsfdc.nic.in/storage/channel-partners/attachments/20260401_163145_9tiTZM.pdf,VERIFIED_OFFICIAL
b42dba38-40a8-4665-8f50-eb44a8c91961,Ranchi- 834001,SIH26092-001,FINANCING,SCHEME_ROUTE_VERIFIED,https://nsfdc.nic.in/storage/channel-partners/attachments/20260401_163145_9tiTZM.pdf,VERIFIED_OFFICIAL
b42dba38-40a8-4665-8f50-eb44a8c91961,Ranchi- 834001,SIH26092-002,FINANCING,SCHEME_ROUTE_VERIFIED,https://nsfdc.nic.in/storage/channel-partners/attachments/20260401_163145_9tiTZM.pdf,VERIFIED_OFFICIAL
b42dba38-40a8-4665-8f50-eb44a8c91961,Ranchi- 834001,SIH26092-052,FINANCING,SCHEME_ROUTE_VERIFIED,https://nsfdc.nic.in/storage/channel-partners/attachments/20260401_163145_9tiTZM.pdf,VERIFIED_OFFICIAL
b42dba38-40a8-4665-8f50-eb44a8c91961,Ranchi- 834001,SIH26092-053,FINANCING,SCHEME_ROUTE_VERIFIED,https://nsfdc.nic.in/storage/channel-partners/attachments/20260401_163145_9tiTZM.pdf,VERIFIED_OFFICIAL
b42dba38-40a8-4665-8f50-eb44a8c91961,Ranchi- 834001,SIH26092-055,FINANCING,SCHEME_ROUTE_VERIFIED,https://nsfdc.nic.in/storage/channel-partners/attachments/20260401_163145_9tiTZM.pdf,VERIFIED_OFFICIAL
bb7c9f36-0a4c-4814-b3c1-0250b9366f85,Karnataka Grameena Bank,SIH26092-001,FINANCING,SCHEME_ROUTE_VERIFIED,https://nsfdc.nic.in/storage/channel-partners/attachments/20260401_163145_9tiTZM.pdf,VERIFIED_OFFICIAL
bb7c9f36-0a4c-4814-b3c1-0250b9366f85,Karnataka Grameena Bank,SIH26092-002,FINANCING,SCHEME_ROUTE_VERIFIED,https://nsfdc.nic.in/storage/channel-partners/attachments/20260401_163145_9tiTZM.pdf,VERIFIED_OFFICIAL
bb7c9f36-0a4c-4814-b3c1-0250b9366f85,Karnataka Grameena Bank,SIH26092-052,FINANCING,SCHEME_ROUTE_VERIFIED,https://nsfdc.nic.in/storage/channel-partners/attachments/20260401_163145_9tiTZM.pdf,VERIFIED_OFFICIAL
bb7c9f36-0a4c-4814-b3c1-0250b9366f85,Karnataka Grameena Bank,SIH26092-053,FINANCING,SCHEME_ROUTE_VERIFIED,https://nsfdc.nic.in/storage/channel-partners/attachments/20260401_163145_9tiTZM.pdf,VERIFIED_OFFICIAL
bb7c9f36-0a4c-4814-b3c1-0250b9366f85,Karnataka Grameena Bank,SIH26092-055,FINANCING,SCHEME_ROUTE_VERIFIED,https://nsfdc.nic.in/storage/channel-partners/attachments/20260401_163145_9tiTZM.pdf,VERIFIED_OFFICIAL
be4c480d-2aea-4e4b-b48b-a06fb425c677,AU small finance bank,SIH26092-002,FINANCING,SCHEME_ROUTE_VERIFIED,https://nsfdc.nic.in/storage/channel-partners/attachments/20260408_100851_UrGTfH.pdf,VERIFIED_OFFICIAL
be4c480d-2aea-4e4b-b48b-a06fb425c677,AU small finance bank,SIH26092-052,FINANCING,SCHEME_ROUTE_VERIFIED,https://nsfdc.nic.in/storage/channel-partners/attachments/20260408_100851_UrGTfH.pdf,VERIFIED_OFFICIAL
be4c480d-2aea-4e4b-b48b-a06fb425c677,AU small finance bank,SIH26092-055,FINANCING,SCHEME_ROUTE_VERIFIED,https://nsfdc.nic.in/storage/channel-partners/attachments/20260408_100851_UrGTfH.pdf,VERIFIED_OFFICIAL
c30f1d8c-df01-4717-ae7f-a4727b503ff4,Streenidhi,SIH26092-002,FINANCING,SCHEME_ROUTE_VERIFIED,https://nsfdc.nic.in/storage/channel-partners/attachments/20251223_101341_Zcm8s6.pdf,VERIFIED_OFFICIAL
c30f1d8c-df01-4717-ae7f-a4727b503ff4,Streenidhi,SIH26092-052,FINANCING,SCHEME_ROUTE_VERIFIED,https://nsfdc.nic.in/storage/channel-partners/attachments/20251223_101341_Zcm8s6.pdf,VERIFIED_OFFICIAL
c30f1d8c-df01-4717-ae7f-a4727b503ff4,Streenidhi,SIH26092-054,FINANCING,SCHEME_ROUTE_VERIFIED,https://nsfdc.nic.in/storage/channel-partners/attachments/20251223_101341_Zcm8s6.pdf,VERIFIED_OFFICIAL
cb7c564b-c5ef-4fff-a75c-bfbc7983c361,Gujarat Dr. Ambedkar Antyodaya Vikas Karmayogi Bhavan,SIH26092-010,FINANCING,SCHEME_ROUTE_VERIFIED,https://nsfdc.nic.in/storage/channel-partners/attachments/20260401_164458_Ip6UJm.pdf,VERIFIED_OFFICIAL
cb7c564b-c5ef-4fff-a75c-bfbc7983c361,Gujarat Dr. Ambedkar Antyodaya Vikas Karmayogi Bhavan,SIH26092-053,FINANCING,SCHEME_ROUTE_VERIFIED,https://nsfdc.nic.in/storage/channel-partners/attachments/20260401_164458_Ip6UJm.pdf,VERIFIED_OFFICIAL
cb7c564b-c5ef-4fff-a75c-bfbc7983c361,Gujarat Dr. Ambedkar Antyodaya Vikas Karmayogi Bhavan,SIH26092-054,FINANCING,SCHEME_ROUTE_VERIFIED,https://nsfdc.nic.in/storage/channel-partners/attachments/20260401_164458_Ip6UJm.pdf,VERIFIED_OFFICIAL
cb7c564b-c5ef-4fff-a75c-bfbc7983c361,Gujarat Dr. Ambedkar Antyodaya Vikas Karmayogi Bhavan,SIH26092-055,FINANCING,SCHEME_ROUTE_VERIFIED,https://nsfdc.nic.in/storage/channel-partners/attachments/20260401_164458_Ip6UJm.pdf,VERIFIED_OFFICIAL
cb7c564b-c5ef-4fff-a75c-bfbc7983c361,Gujarat Dr. Ambedkar Antyodaya Vikas Karmayogi Bhavan,SIH26092-056,FINANCING,SCHEME_ROUTE_VERIFIED,https://nsfdc.nic.in/storage/channel-partners/attachments/20260401_164458_Ip6UJm.pdf,VERIFIED_OFFICIAL
cc8d994c-c55f-4332-913b-d5f6572be3be,Haryana Gramin Bank,SIH26092-001,FINANCING,SCHEME_ROUTE_VERIFIED,https://nsfdc.nic.in/storage/channel-partners/attachments/20260401_163145_9tiTZM.pdf,VERIFIED_OFFICIAL
cc8d994c-c55f-4332-913b-d5f6572be3be,Haryana Gramin Bank,SIH26092-002,FINANCING,SCHEME_ROUTE_VERIFIED,https://nsfdc.nic.in/storage/channel-partners/attachments/20260401_163145_9tiTZM.pdf,VERIFIED_OFFICIAL
cc8d994c-c55f-4332-913b-d5f6572be3be,Haryana Gramin Bank,SIH26092-052,FINANCING,SCHEME_ROUTE_VERIFIED,https://nsfdc.nic.in/storage/channel-partners/attachments/20260401_163145_9tiTZM.pdf,VERIFIED_OFFICIAL
cc8d994c-c55f-4332-913b-d5f6572be3be,Haryana Gramin Bank,SIH26092-053,FINANCING,SCHEME_ROUTE_VERIFIED,https://nsfdc.nic.in/storage/channel-partners/attachments/20260401_163145_9tiTZM.pdf,VERIFIED_OFFICIAL
cc8d994c-c55f-4332-913b-d5f6572be3be,Haryana Gramin Bank,SIH26092-055,FINANCING,SCHEME_ROUTE_VERIFIED,https://nsfdc.nic.in/storage/channel-partners/attachments/20260401_163145_9tiTZM.pdf,VERIFIED_OFFICIAL
d269101c-5073-4fcd-b4cb-fa5f182989f7,ASA International Microfinance Ltd.,SIH26092-002,FINANCING,SCHEME_ROUTE_VERIFIED,https://nsfdc.nic.in/storage/channel-partners/attachments/20251223_101231_7smjJC.pdf,VERIFIED_OFFICIAL
d269101c-5073-4fcd-b4cb-fa5f182989f7,ASA International Microfinance Ltd.,SIH26092-052,FINANCING,SCHEME_ROUTE_VERIFIED,https://nsfdc.nic.in/storage/channel-partners/attachments/20251223_101231_7smjJC.pdf,VERIFIED_OFFICIAL
d269101c-5073-4fcd-b4cb-fa5f182989f7,ASA International Microfinance Ltd.,SIH26092-054,FINANCING,SCHEME_ROUTE_VERIFIED,https://nsfdc.nic.in/storage/channel-partners/attachments/20251223_101231_7smjJC.pdf,VERIFIED_OFFICIAL
d79ae139-660f-4f51-ad35-9a58282bffcb,Pahal Financial Services Pvt. Ltd.,SIH26092-002,FINANCING,SCHEME_ROUTE_VERIFIED,https://nsfdc.nic.in/storage/channel-partners/attachments/20251223_101231_7smjJC.pdf,VERIFIED_OFFICIAL
d79ae139-660f-4f51-ad35-9a58282bffcb,Pahal Financial Services Pvt. Ltd.,SIH26092-052,FINANCING,SCHEME_ROUTE_VERIFIED,https://nsfdc.nic.in/storage/channel-partners/attachments/20251223_101231_7smjJC.pdf,VERIFIED_OFFICIAL
d79ae139-660f-4f51-ad35-9a58282bffcb,Pahal Financial Services Pvt. Ltd.,SIH26092-054,FINANCING,SCHEME_ROUTE_VERIFIED,https://nsfdc.nic.in/storage/channel-partners/attachments/20251223_101231_7smjJC.pdf,VERIFIED_OFFICIAL
db41c644-0f8b-498b-bb7a-6e34ece52c9e,Mizoram Mizoram Khadi & Village “Zorun” Zarkawt,SIH26092-010,FINANCING,SCHEME_ROUTE_VERIFIED,https://nsfdc.nic.in/storage/channel-partners/attachments/20260401_164458_Ip6UJm.pdf,VERIFIED_OFFICIAL
db41c644-0f8b-498b-bb7a-6e34ece52c9e,Mizoram Mizoram Khadi & Village “Zorun” Zarkawt,SIH26092-053,FINANCING,SCHEME_ROUTE_VERIFIED,https://nsfdc.nic.in/storage/channel-partners/attachments/20260401_164458_Ip6UJm.pdf,VERIFIED_OFFICIAL
db41c644-0f8b-498b-bb7a-6e34ece52c9e,Mizoram Mizoram Khadi & Village “Zorun” Zarkawt,SIH26092-054,FINANCING,SCHEME_ROUTE_VERIFIED,https://nsfdc.nic.in/storage/channel-partners/attachments/20260401_164458_Ip6UJm.pdf,VERIFIED_OFFICIAL
db41c644-0f8b-498b-bb7a-6e34ece52c9e,Mizoram Mizoram Khadi & Village “Zorun” Zarkawt,SIH26092-055,FINANCING,SCHEME_ROUTE_VERIFIED,https://nsfdc.nic.in/storage/channel-partners/attachments/20260401_164458_Ip6UJm.pdf,VERIFIED_OFFICIAL
db41c644-0f8b-498b-bb7a-6e34ece52c9e,Mizoram Mizoram Khadi & Village “Zorun” Zarkawt,SIH26092-056,FINANCING,SCHEME_ROUTE_VERIFIED,https://nsfdc.nic.in/storage/channel-partners/attachments/20260401_164458_Ip6UJm.pdf,VERIFIED_OFFICIAL
df3569c4-dd81-48df-82e1-3fa9df8c5ebc,Odisha Odisha SCs & STs Dev. Finance Lewis Road,SIH26092-010,FINANCING,SCHEME_ROUTE_VERIFIED,https://nsfdc.nic.in/storage/channel-partners/attachments/20260401_164458_Ip6UJm.pdf,VERIFIED_OFFICIAL
df3569c4-dd81-48df-82e1-3fa9df8c5ebc,Odisha Odisha SCs & STs Dev. Finance Lewis Road,SIH26092-053,FINANCING,SCHEME_ROUTE_VERIFIED,https://nsfdc.nic.in/storage/channel-partners/attachments/20260401_164458_Ip6UJm.pdf,VERIFIED_OFFICIAL
df3569c4-dd81-48df-82e1-3fa9df8c5ebc,Odisha Odisha SCs & STs Dev. Finance Lewis Road,SIH26092-054,FINANCING,SCHEME_ROUTE_VERIFIED,https://nsfdc.nic.in/storage/channel-partners/attachments/20260401_164458_Ip6UJm.pdf,VERIFIED_OFFICIAL
df3569c4-dd81-48df-82e1-3fa9df8c5ebc,Odisha Odisha SCs & STs Dev. Finance Lewis Road,SIH26092-055,FINANCING,SCHEME_ROUTE_VERIFIED,https://nsfdc.nic.in/storage/channel-partners/attachments/20260401_164458_Ip6UJm.pdf,VERIFIED_OFFICIAL
df3569c4-dd81-48df-82e1-3fa9df8c5ebc,Odisha Odisha SCs & STs Dev. Finance Lewis Road,SIH26092-056,FINANCING,SCHEME_ROUTE_VERIFIED,https://nsfdc.nic.in/storage/channel-partners/attachments/20260401_164458_Ip6UJm.pdf,VERIFIED_OFFICIAL
e1cc87cf-d86f-4e7d-80fa-385d728a5162,Jammu & J&K SCs,SIH26092-010,FINANCING,SCHEME_ROUTE_VERIFIED,https://nsfdc.nic.in/storage/channel-partners/attachments/20260401_164458_Ip6UJm.pdf,VERIFIED_OFFICIAL
e1cc87cf-d86f-4e7d-80fa-385d728a5162,Jammu & J&K SCs,SIH26092-053,FINANCING,SCHEME_ROUTE_VERIFIED,https://nsfdc.nic.in/storage/channel-partners/attachments/20260401_164458_Ip6UJm.pdf,VERIFIED_OFFICIAL
e1cc87cf-d86f-4e7d-80fa-385d728a5162,Jammu & J&K SCs,SIH26092-054,FINANCING,SCHEME_ROUTE_VERIFIED,https://nsfdc.nic.in/storage/channel-partners/attachments/20260401_164458_Ip6UJm.pdf,VERIFIED_OFFICIAL
e1cc87cf-d86f-4e7d-80fa-385d728a5162,Jammu & J&K SCs,SIH26092-055,FINANCING,SCHEME_ROUTE_VERIFIED,https://nsfdc.nic.in/storage/channel-partners/attachments/20260401_164458_Ip6UJm.pdf,VERIFIED_OFFICIAL
e1cc87cf-d86f-4e7d-80fa-385d728a5162,Jammu & J&K SCs,SIH26092-056,FINANCING,SCHEME_ROUTE_VERIFIED,https://nsfdc.nic.in/storage/channel-partners/attachments/20260401_164458_Ip6UJm.pdf,VERIFIED_OFFICIAL
e4f6f87a-8b1d-4eed-b184-2e55060a30fa,Uttar Pradesh Gramin Bank,SIH26092-001,FINANCING,SCHEME_ROUTE_VERIFIED,https://nsfdc.nic.in/storage/channel-partners/attachments/20260401_163145_9tiTZM.pdf,VERIFIED_OFFICIAL
e4f6f87a-8b1d-4eed-b184-2e55060a30fa,Uttar Pradesh Gramin Bank,SIH26092-002,FINANCING,SCHEME_ROUTE_VERIFIED,https://nsfdc.nic.in/storage/channel-partners/attachments/20260401_163145_9tiTZM.pdf,VERIFIED_OFFICIAL
e4f6f87a-8b1d-4eed-b184-2e55060a30fa,Uttar Pradesh Gramin Bank,SIH26092-052,FINANCING,SCHEME_ROUTE_VERIFIED,https://nsfdc.nic.in/storage/channel-partners/attachments/20260401_163145_9tiTZM.pdf,VERIFIED_OFFICIAL
e4f6f87a-8b1d-4eed-b184-2e55060a30fa,Uttar Pradesh Gramin Bank,SIH26092-053,FINANCING,SCHEME_ROUTE_VERIFIED,https://nsfdc.nic.in/storage/channel-partners/attachments/20260401_163145_9tiTZM.pdf,VERIFIED_OFFICIAL
e4f6f87a-8b1d-4eed-b184-2e55060a30fa,Uttar Pradesh Gramin Bank,SIH26092-055,FINANCING,SCHEME_ROUTE_VERIFIED,https://nsfdc.nic.in/storage/channel-partners/attachments/20260401_163145_9tiTZM.pdf,VERIFIED_OFFICIAL
e5ac60bc-a632-4eee-8aba-855547cd0822,Jharkhand Gramin Bank,SIH26092-001,FINANCING,SCHEME_ROUTE_VERIFIED,https://nsfdc.nic.in/storage/channel-partners/attachments/20260401_163145_9tiTZM.pdf,VERIFIED_OFFICIAL
e5ac60bc-a632-4eee-8aba-855547cd0822,Jharkhand Gramin Bank,SIH26092-002,FINANCING,SCHEME_ROUTE_VERIFIED,https://nsfdc.nic.in/storage/channel-partners/attachments/20260401_163145_9tiTZM.pdf,VERIFIED_OFFICIAL
e5ac60bc-a632-4eee-8aba-855547cd0822,Jharkhand Gramin Bank,SIH26092-052,FINANCING,SCHEME_ROUTE_VERIFIED,https://nsfdc.nic.in/storage/channel-partners/attachments/20260401_163145_9tiTZM.pdf,VERIFIED_OFFICIAL
e5ac60bc-a632-4eee-8aba-855547cd0822,Jharkhand Gramin Bank,SIH26092-053,FINANCING,SCHEME_ROUTE_VERIFIED,https://nsfdc.nic.in/storage/channel-partners/attachments/20260401_163145_9tiTZM.pdf,VERIFIED_OFFICIAL
e5ac60bc-a632-4eee-8aba-855547cd0822,Jharkhand Gramin Bank,SIH26092-055,FINANCING,SCHEME_ROUTE_VERIFIED,https://nsfdc.nic.in/storage/channel-partners/attachments/20260401_163145_9tiTZM.pdf,VERIFIED_OFFICIAL
e6764f2d-689d-45e8-b546-264c1d015b2d,Assam Assam State Development Swahid Dilip Hozori Path,SIH26092-010,FINANCING,SCHEME_ROUTE_VERIFIED,https://nsfdc.nic.in/storage/channel-partners/attachments/20260401_164458_Ip6UJm.pdf,VERIFIED_OFFICIAL
e6764f2d-689d-45e8-b546-264c1d015b2d,Assam Assam State Development Swahid Dilip Hozori Path,SIH26092-053,FINANCING,SCHEME_ROUTE_VERIFIED,https://nsfdc.nic.in/storage/channel-partners/attachments/20260401_164458_Ip6UJm.pdf,VERIFIED_OFFICIAL
e6764f2d-689d-45e8-b546-264c1d015b2d,Assam Assam State Development Swahid Dilip Hozori Path,SIH26092-054,FINANCING,SCHEME_ROUTE_VERIFIED,https://nsfdc.nic.in/storage/channel-partners/attachments/20260401_164458_Ip6UJm.pdf,VERIFIED_OFFICIAL
e6764f2d-689d-45e8-b546-264c1d015b2d,Assam Assam State Development Swahid Dilip Hozori Path,SIH26092-055,FINANCING,SCHEME_ROUTE_VERIFIED,https://nsfdc.nic.in/storage/channel-partners/attachments/20260401_164458_Ip6UJm.pdf,VERIFIED_OFFICIAL
e6764f2d-689d-45e8-b546-264c1d015b2d,Assam Assam State Development Swahid Dilip Hozori Path,SIH26092-056,FINANCING,SCHEME_ROUTE_VERIFIED,https://nsfdc.nic.in/storage/channel-partners/attachments/20260401_164458_Ip6UJm.pdf,VERIFIED_OFFICIAL
ea995f14-d3f4-44a2-9fa2-5a0c24a0631c,Tripura Gramin Bank,SIH26092-001,FINANCING,SCHEME_ROUTE_VERIFIED,https://nsfdc.nic.in/storage/channel-partners/attachments/20260401_163145_9tiTZM.pdf,VERIFIED_OFFICIAL
ea995f14-d3f4-44a2-9fa2-5a0c24a0631c,Tripura Gramin Bank,SIH26092-002,FINANCING,SCHEME_ROUTE_VERIFIED,https://nsfdc.nic.in/storage/channel-partners/attachments/20260401_163145_9tiTZM.pdf,VERIFIED_OFFICIAL
ea995f14-d3f4-44a2-9fa2-5a0c24a0631c,Tripura Gramin Bank,SIH26092-052,FINANCING,SCHEME_ROUTE_VERIFIED,https://nsfdc.nic.in/storage/channel-partners/attachments/20260401_163145_9tiTZM.pdf,VERIFIED_OFFICIAL
ea995f14-d3f4-44a2-9fa2-5a0c24a0631c,Tripura Gramin Bank,SIH26092-053,FINANCING,SCHEME_ROUTE_VERIFIED,https://nsfdc.nic.in/storage/channel-partners/attachments/20260401_163145_9tiTZM.pdf,VERIFIED_OFFICIAL
ea995f14-d3f4-44a2-9fa2-5a0c24a0631c,Tripura Gramin Bank,SIH26092-055,FINANCING,SCHEME_ROUTE_VERIFIED,https://nsfdc.nic.in/storage/channel-partners/attachments/20260401_163145_9tiTZM.pdf,VERIFIED_OFFICIAL
ec68f3e7-43c5-4345-95a1-9e9cae1c08d9,Punjab & Sind Bank,SIH26092-001,FINANCING,SCHEME_ROUTE_VERIFIED,https://nsfdc.nic.in/storage/channel-partners/attachments/20260408_100623_Bea3za.pdf,VERIFIED_OFFICIAL
ec68f3e7-43c5-4345-95a1-9e9cae1c08d9,Punjab & Sind Bank,SIH26092-002,FINANCING,SCHEME_ROUTE_VERIFIED,https://nsfdc.nic.in/storage/channel-partners/attachments/20260408_100623_Bea3za.pdf,VERIFIED_OFFICIAL
ec68f3e7-43c5-4345-95a1-9e9cae1c08d9,Punjab & Sind Bank,SIH26092-003,FINANCING,SCHEME_ROUTE_VERIFIED,https://nsfdc.nic.in/storage/channel-partners/attachments/20260408_100623_Bea3za.pdf,VERIFIED_OFFICIAL
ec68f3e7-43c5-4345-95a1-9e9cae1c08d9,Punjab & Sind Bank,SIH26092-053,FINANCING,SCHEME_ROUTE_VERIFIED,https://nsfdc.nic.in/storage/channel-partners/attachments/20260408_100623_Bea3za.pdf,VERIFIED_OFFICIAL
ec68f3e7-43c5-4345-95a1-9e9cae1c08d9,Punjab & Sind Bank,SIH26092-055,FINANCING,SCHEME_ROUTE_VERIFIED,https://nsfdc.nic.in/storage/channel-partners/attachments/20260408_100623_Bea3za.pdf,VERIFIED_OFFICIAL
ec68f3e7-43c5-4345-95a1-9e9cae1c08d9,Punjab & Sind Bank,SIH26092-056,FINANCING,SCHEME_ROUTE_VERIFIED,https://nsfdc.nic.in/storage/channel-partners/attachments/20260408_100623_Bea3za.pdf,VERIFIED_OFFICIAL
efec3e19-1ab8-4be8-b910-80b3402706d3,Satin Creditcare Network Ltdl.,SIH26092-002,FINANCING,SCHEME_ROUTE_VERIFIED,https://nsfdc.nic.in/storage/channel-partners/attachments/20251223_101231_7smjJC.pdf,VERIFIED_OFFICIAL
efec3e19-1ab8-4be8-b910-80b3402706d3,Satin Creditcare Network Ltdl.,SIH26092-052,FINANCING,SCHEME_ROUTE_VERIFIED,https://nsfdc.nic.in/storage/channel-partners/attachments/20251223_101231_7smjJC.pdf,VERIFIED_OFFICIAL
efec3e19-1ab8-4be8-b910-80b3402706d3,Satin Creditcare Network Ltdl.,SIH26092-054,FINANCING,SCHEME_ROUTE_VERIFIED,https://nsfdc.nic.in/storage/channel-partners/attachments/20251223_101231_7smjJC.pdf,VERIFIED_OFFICIAL
f2c9e004-271c-4e0e-92a1-52c816fd2a14,West Bengal West Bengal SCs,SIH26092-010,FINANCING,SCHEME_ROUTE_VERIFIED,https://nsfdc.nic.in/storage/channel-partners/attachments/20260401_164458_Ip6UJm.pdf,VERIFIED_OFFICIAL
f2c9e004-271c-4e0e-92a1-52c816fd2a14,West Bengal West Bengal SCs,SIH26092-012,FINANCING,SCHEME_ROUTE_VERIFIED,https://nsfdc.nic.in/storage/channel-partners/attachments/20260401_164458_Ip6UJm.pdf,VERIFIED_OFFICIAL
f2c9e004-271c-4e0e-92a1-52c816fd2a14,West Bengal West Bengal SCs,SIH26092-013,FINANCING,SCHEME_ROUTE_VERIFIED,https://nsfdc.nic.in/storage/channel-partners/attachments/20260401_164458_Ip6UJm.pdf,VERIFIED_OFFICIAL
f2c9e004-271c-4e0e-92a1-52c816fd2a14,West Bengal West Bengal SCs,SIH26092-014,FINANCING,SCHEME_ROUTE_VERIFIED,https://nsfdc.nic.in/storage/channel-partners/attachments/20260401_164458_Ip6UJm.pdf,VERIFIED_OFFICIAL
f2c9e004-271c-4e0e-92a1-52c816fd2a14,West Bengal West Bengal SCs,SIH26092-053,FINANCING,SCHEME_ROUTE_VERIFIED,https://nsfdc.nic.in/storage/channel-partners/attachments/20260401_164458_Ip6UJm.pdf,VERIFIED_OFFICIAL
f2c9e004-271c-4e0e-92a1-52c816fd2a14,West Bengal West Bengal SCs,SIH26092-054,FINANCING,SCHEME_ROUTE_VERIFIED,https://nsfdc.nic.in/storage/channel-partners/attachments/20260401_164458_Ip6UJm.pdf,VERIFIED_OFFICIAL
f2c9e004-271c-4e0e-92a1-52c816fd2a14,West Bengal West Bengal SCs,SIH26092-055,FINANCING,SCHEME_ROUTE_VERIFIED,https://nsfdc.nic.in/storage/channel-partners/attachments/20260401_164458_Ip6UJm.pdf,VERIFIED_OFFICIAL
f2c9e004-271c-4e0e-92a1-52c816fd2a14,West Bengal West Bengal SCs,SIH26092-056,FINANCING,SCHEME_ROUTE_VERIFIED,https://nsfdc.nic.in/storage/channel-partners/attachments/20260401_164458_Ip6UJm.pdf,VERIFIED_OFFICIAL
f372319a-aee2-4da8-84c3-8e33728dd2d5,Midland Microfin Ltd.,SIH26092-002,FINANCING,SCHEME_ROUTE_VERIFIED,https://nsfdc.nic.in/storage/channel-partners/attachments/20251223_101231_7smjJC.pdf,VERIFIED_OFFICIAL
f372319a-aee2-4da8-84c3-8e33728dd2d5,Midland Microfin Ltd.,SIH26092-052,FINANCING,SCHEME_ROUTE_VERIFIED,https://nsfdc.nic.in/storage/channel-partners/attachments/20251223_101231_7smjJC.pdf,VERIFIED_OFFICIAL
f372319a-aee2-4da8-84c3-8e33728dd2d5,Midland Microfin Ltd.,SIH26092-054,FINANCING,SCHEME_ROUTE_VERIFIED,https://nsfdc.nic.in/storage/channel-partners/attachments/20251223_101231_7smjJC.pdf,VERIFIED_OFFICIAL
f47cb8f9-21b8-4d27-8491-1e24df1d7532,Gujarat Gramin Bank,SIH26092-001,FINANCING,SCHEME_ROUTE_VERIFIED,https://nsfdc.nic.in/storage/channel-partners/attachments/20260401_163145_9tiTZM.pdf,VERIFIED_OFFICIAL
f47cb8f9-21b8-4d27-8491-1e24df1d7532,Gujarat Gramin Bank,SIH26092-002,FINANCING,SCHEME_ROUTE_VERIFIED,https://nsfdc.nic.in/storage/channel-partners/attachments/20260401_163145_9tiTZM.pdf,VERIFIED_OFFICIAL
f47cb8f9-21b8-4d27-8491-1e24df1d7532,Gujarat Gramin Bank,SIH26092-052,FINANCING,SCHEME_ROUTE_VERIFIED,https://nsfdc.nic.in/storage/channel-partners/attachments/20260401_163145_9tiTZM.pdf,VERIFIED_OFFICIAL
f47cb8f9-21b8-4d27-8491-1e24df1d7532,Gujarat Gramin Bank,SIH26092-053,FINANCING,SCHEME_ROUTE_VERIFIED,https://nsfdc.nic.in/storage/channel-partners/attachments/20260401_163145_9tiTZM.pdf,VERIFIED_OFFICIAL
f47cb8f9-21b8-4d27-8491-1e24df1d7532,Gujarat Gramin Bank,SIH26092-055,FINANCING,SCHEME_ROUTE_VERIFIED,https://nsfdc.nic.in/storage/channel-partners/attachments/20260401_163145_9tiTZM.pdf,VERIFIED_OFFICIAL
f5fbbb0c-4391-4d0d-9627-f8e0a3663099,Manipur Rural Bank,SIH26092-001,FINANCING,SCHEME_ROUTE_VERIFIED,https://nsfdc.nic.in/storage/channel-partners/attachments/20260401_163145_9tiTZM.pdf,VERIFIED_OFFICIAL
f5fbbb0c-4391-4d0d-9627-f8e0a3663099,Manipur Rural Bank,SIH26092-002,FINANCING,SCHEME_ROUTE_VERIFIED,https://nsfdc.nic.in/storage/channel-partners/attachments/20260401_163145_9tiTZM.pdf,VERIFIED_OFFICIAL
f5fbbb0c-4391-4d0d-9627-f8e0a3663099,Manipur Rural Bank,SIH26092-052,FINANCING,SCHEME_ROUTE_VERIFIED,https://nsfdc.nic.in/storage/channel-partners/attachments/20260401_163145_9tiTZM.pdf,VERIFIED_OFFICIAL
f5fbbb0c-4391-4d0d-9627-f8e0a3663099,Manipur Rural Bank,SIH26092-053,FINANCING,SCHEME_ROUTE_VERIFIED,https://nsfdc.nic.in/storage/channel-partners/attachments/20260401_163145_9tiTZM.pdf,VERIFIED_OFFICIAL
f5fbbb0c-4391-4d0d-9627-f8e0a3663099,Manipur Rural Bank,SIH26092-055,FINANCING,SCHEME_ROUTE_VERIFIED,https://nsfdc.nic.in/storage/channel-partners/attachments/20260401_163145_9tiTZM.pdf,VERIFIED_OFFICIAL
f662769c-9303-4a48-95df-8c3605a2b891,Chhattisgarh Gramin Bank,SIH26092-001,FINANCING,SCHEME_ROUTE_VERIFIED,https://nsfdc.nic.in/storage/channel-partners/attachments/20260401_163145_9tiTZM.pdf,VERIFIED_OFFICIAL
f662769c-9303-4a48-95df-8c3605a2b891,Chhattisgarh Gramin Bank,SIH26092-002,FINANCING,SCHEME_ROUTE_VERIFIED,https://nsfdc.nic.in/storage/channel-partners/attachments/20260401_163145_9tiTZM.pdf,VERIFIED_OFFICIAL
f662769c-9303-4a48-95df-8c3605a2b891,Chhattisgarh Gramin Bank,SIH26092-052,FINANCING,SCHEME_ROUTE_VERIFIED,https://nsfdc.nic.in/storage/channel-partners/attachments/20260401_163145_9tiTZM.pdf,VERIFIED_OFFICIAL
f662769c-9303-4a48-95df-8c3605a2b891,Chhattisgarh Gramin Bank,SIH26092-053,FINANCING,SCHEME_ROUTE_VERIFIED,https://nsfdc.nic.in/storage/channel-partners/attachments/20260401_163145_9tiTZM.pdf,VERIFIED_OFFICIAL
f662769c-9303-4a48-95df-8c3605a2b891,Chhattisgarh Gramin Bank,SIH26092-055,FINANCING,SCHEME_ROUTE_VERIFIED,https://nsfdc.nic.in/storage/channel-partners/attachments/20260401_163145_9tiTZM.pdf,VERIFIED_OFFICIAL
fb35ad4b-04c8-493b-9577-5ce7cf565acf,Odisha Grameen Bank,SIH26092-001,FINANCING,SCHEME_ROUTE_VERIFIED,https://nsfdc.nic.in/storage/channel-partners/attachments/20260401_163145_9tiTZM.pdf,VERIFIED_OFFICIAL
fb35ad4b-04c8-493b-9577-5ce7cf565acf,Odisha Grameen Bank,SIH26092-002,FINANCING,SCHEME_ROUTE_VERIFIED,https://nsfdc.nic.in/storage/channel-partners/attachments/20260401_163145_9tiTZM.pdf,VERIFIED_OFFICIAL
fb35ad4b-04c8-493b-9577-5ce7cf565acf,Odisha Grameen Bank,SIH26092-052,FINANCING,SCHEME_ROUTE_VERIFIED,https://nsfdc.nic.in/storage/channel-partners/attachments/20260401_163145_9tiTZM.pdf,VERIFIED_OFFICIAL
fb35ad4b-04c8-493b-9577-5ce7cf565acf,Odisha Grameen Bank,SIH26092-053,FINANCING,SCHEME_ROUTE_VERIFIED,https://nsfdc.nic.in/storage/channel-partners/attachments/20260401_163145_9tiTZM.pdf,VERIFIED_OFFICIAL
fb35ad4b-04c8-493b-9577-5ce7cf565acf,Odisha Grameen Bank,SIH26092-055,FINANCING,SCHEME_ROUTE_VERIFIED,https://nsfdc.nic.in/storage/channel-partners/attachments/20260401_163145_9tiTZM.pdf,VERIFIED_OFFICIAL
ffd17427-6d9b-4b9c-aeb6-c12ef765dadc,Anik Financial Services Private Limited,SIH26092-002,FINANCING,SCHEME_ROUTE_VERIFIED,https://nsfdc.nic.in/storage/channel-partners/attachments/20251223_101231_7smjJC.pdf,VERIFIED_OFFICIAL
ffd17427-6d9b-4b9c-aeb6-c12ef765dadc,Anik Financial Services Private Limited,SIH26092-052,FINANCING,SCHEME_ROUTE_VERIFIED,https://nsfdc.nic.in/storage/channel-partners/attachments/20251223_101231_7smjJC.pdf,VERIFIED_OFFICIAL
ffd17427-6d9b-4b9c-aeb6-c12ef765dadc,Anik Financial Services Private Limited,SIH26092-054,FINANCING,SCHEME_ROUTE_VERIFIED,https://nsfdc.nic.in/storage/channel-partners/attachments/20251223_101231_7smjJC.pdf,VERIFIED_OFFICIAL
p-neg-test-x,Exclusive Term Loan Partner X,SIH26092-053,FINANCING,SCHEME_ROUTE_VERIFIED,,VERIFIED_OFFICIAL
